<?xml version="1.0" encoding="UTF-8"?>
<window id="103">
	<defaultcontrol>300</defaultcontrol>
	<coordinates>
		<system>2</system>
		<left>256</left>
		<top>300</top>
	</coordinates>
	<include>transition_Dialog</include>
	<controls>
		<control type="group">
			<visible>!Window.IsVisible(numericinput)</visible>
			<animation effect="slide" start="0,0" end="0,200" time="0" condition="Skin.HasSetting(keyboard.enable)">Conditional</animation>
			<control type="image" id="1">
				<include>dialog_Window</include>
				<width>769</width>
				<height>366</height>
				<visible>!Skin.HasSetting(keyboard.enable)</visible>
			</control>
			<control type="image" id="1">
				<include>dialog_Window</include>
				<width>769</width>
				<height>125</height>
				<visible>Skin.HasSetting(keyboard.enable)</visible>
			</control>
			<control type="label" id="311">
				<width>761</width>
				<include>dialog_Windowtitle</include>
			</control>
			<control type="image" id="1">
				<left>19</left>
				<top>60</top>
				<width>726</width>
				<height>40</height>
				<texture border="142,0,3,0">dialogs/keyboard/edit-fo.png</texture>
				<visible>!ControlGroup(9000).HasFocus()</visible>
			</control>
			<control type="image" id="1">
				<left>19</left>
				<top>60</top>
				<width>726</width>
				<height>40</height>
				<texture border="142,0,3,0">dialogs/keyboard/edit-nf.png</texture>
				<visible>ControlGroup(9000).HasFocus()</visible>
			</control>
			<control type="label" id="310">
				<left>19</left>
				<top>59</top>
				<width>726</width>
				<align>center</align>
				<include>dialog_Edit</include>
			</control>
			<control type="group" id="9000">
				<left>19</left>
				<top>120</top>
			<!--row 1-->
				<control type="grouplist">
					<width>726</width>
					<height>48</height>
					<itemgap>10</itemgap>
					<orientation>horizontal</orientation>
					<visible>!Skin.HasSetting(keyboard.enable)</visible>
					<control type="button" id="101">
						<description>'Esc' button</description>
						<width>64</width>
						<label>Esc</label>
						<onup>305</onup>
						<ondown>303</ondown>
						<onclick>Close</onclick>
						<include>dialog_KeyboardButton</include>
					</control>
					<control type="button" id="48">
						<description>'0' button</description>
						<onleft>101</onleft>
						<onup>306</onup>
						<ondown>81</ondown>
						<include>dialog_KeyboardButton</include>
					</control>
					<control type="button" id="49">
						<description>'1' button</description>
						<onup>90</onup>
						<ondown>87</ondown>
						<include>dialog_KeyboardButton</include>
					</control>
					<control type="button" id="50">
						<description>'2' button</description>
						<onup>88</onup>
						<ondown>69</ondown>
						<include>dialog_KeyboardButton</include>
					</control>
					<control type="button" id="51">
						<description>'3' button</description>
						<onup>67</onup>
						<ondown>82</ondown>
						<include>dialog_KeyboardButton</include>
					</control>
					<control type="button" id="52">
						<description>'4' button</description>
						<onup>86</onup>
						<ondown>84</ondown>
						<include>dialog_KeyboardButton</include>
					</control>
					<control type="button" id="53">
						<description>'5' button</description>
						<onup>66</onup>
						<ondown>89</ondown>
						<include>dialog_KeyboardButton</include>
					</control>
					<control type="button" id="54">
						<description>'6' button</description>
						<onup>78</onup>
						<ondown>85</ondown>
						<include>dialog_KeyboardButton</include>
					</control>
					<control type="button" id="55">
						<description>'7' button</description>
						<onup>77</onup>
						<ondown>73</ondown>
						<include>dialog_KeyboardButton</include>
					</control>
					<control type="button" id="56">
						<description>'8' button</description>
						<onup>32</onup>
						<ondown>79</ondown>
						<include>dialog_KeyboardButton</include>
					</control>
					<control type="button" id="57">
						<description>'9' button</description>
						<onup>32</onup>
						<ondown>80</ondown>
						<include>dialog_KeyboardButton</include>
					</control>
					<control type="group" id="502">
						<description>BSP button</description>
						<width>72</width>
						<control type="button" id="8">
							<width>72</width>
							<onleft>57</onleft>
							<onright>101</onright>
							<onup>32</onup>
							<ondown>304</ondown>
							<label>BSP</label>
							<include>dialog_KeyboardButton</include>
						</control>
					</control>
				</control>
			<!--row 2-->
				<control type="grouplist">
					<top>58</top>
					<width>726</width>
					<height>70</height>
					<itemgap>10</itemgap>
					<orientation>horizontal</orientation>
					<visible>!Skin.HasSetting(keyboard.enable)</visible>
					<control type="togglebutton" id="303">
						<description>CAPS button</description>
						<width>72</width>
						<label>CAPS</label>
						<onup>101</onup>
						<ondown>302</ondown>
						<alttexturenofocus border="3">dialogs/button-ac.png</alttexturenofocus>
						<alttexturefocus>dialogs/button-fo.png</alttexturefocus>
						<include>dialog_KeyboardButton</include>
					</control>
					<control type="button" id="81">
						<description>'Q' button</description>
						<onup>48</onup>
						<ondown>65</ondown>
						<include>dialog_KeyboardButton</include>
					</control>
					<control type="button" id="87">
						<description>'W' button</description>
						<onup>49</onup>
						<ondown>83</ondown>
						<include>dialog_KeyboardButton</include>
					</control>
					<control type="button" id="69">
						<description>'E' button</description>
						<onup>50</onup>
						<ondown>68</ondown>
						<include>dialog_KeyboardButton</include>
					</control>
					<control type="button" id="82">
						<description>'R' button</description>
						<onup>51</onup>
						<ondown>70</ondown>
						<include>dialog_KeyboardButton</include>
					</control>
					<control type="button" id="84">
						<description>'T' button</description>
						<onup>52</onup>
						<ondown>71</ondown>
						<include>dialog_KeyboardButton</include>
					</control>
					<control type="button" id="89">
						<description>'Y' button</description>
						<onup>53</onup>
						<ondown>72</ondown>
						<include>dialog_KeyboardButton</include>
					</control>
					<control type="button" id="85">
						<description>'U' button</description>
						<onup>54</onup>
						<ondown>74</ondown>
						<include>dialog_KeyboardButton</include>
					</control>
					<control type="button" id="73">
						<description>'I' button</description>
						<onup>55</onup>
						<ondown>75</ondown>
						<include>dialog_KeyboardButton</include>
					</control>
					<control type="button" id="79">
						<description>'O' button</description>
						<onup>56</onup>
						<ondown>76</ondown>
						<include>dialog_KeyboardButton</include>
					</control>
					<control type="button" id="80">
						<description>'P' button</description>
						<onup>57</onup>
						<ondown>300</ondown>
						<include>dialog_KeyboardButton</include>
					</control>
					<control type="togglebutton" id="304">
						<description>SYMBOLS button</description>
						<label>?!#</label>
						<onup>8</onup>
						<ondown>300</ondown>
						<width>64</width>
						<alttexturenofocus border="3">dialogs/button-ac.png</alttexturenofocus>
						<alttexturefocus>dialogs/button-fo.png</alttexturefocus>
						<include>dialog_KeyboardButton</include>
					</control>
				</control>
			<!--row 3-->
				<control type="grouplist">
					<top>116</top>
					<width>726</width>
					<height>70</height>
					<itemgap>10</itemgap>
					<orientation>horizontal</orientation>
					<visible>!Skin.HasSetting(keyboard.enable)</visible>
					<control type="togglebutton" id="302">
						<description>SHIFT button</description>
						<width>96</width>
						<label>$LOCALIZE[20178]</label>
						<onup>303</onup>
						<ondown>305</ondown>
						<alttexturenofocus border="3">dialogs/button-ac.png</alttexturenofocus>
						<alttexturefocus>dialogs/button-fo.png</alttexturefocus>
						<include>dialog_KeyboardButton</include>
					</control>
					<control type="button" id="65">
						<description>'A' button</description>
						<onup>81</onup>
						<ondown>306</ondown>
						<include>dialog_KeyboardButton</include>
					</control>
					<control type="button" id="83">
						<description>'S' button</description>
						<onup>87</onup>
						<ondown>90</ondown>
						<include>dialog_KeyboardButton</include>
					</control>
					<control type="button" id="68">
						<description>'D' button</description>
						<onup>69</onup>
						<ondown>88</ondown>
						<include>dialog_KeyboardButton</include>
					</control>
					<control type="button" id="70">
						<description>'F' button</description>
						<onup>82</onup>
						<ondown>67</ondown>
						<include>dialog_KeyboardButton</include>
					</control>
					<control type="button" id="71">
						<description>'G' button</description>
						<onup>84</onup>
						<ondown>86</ondown>
						<include>dialog_KeyboardButton</include>
					</control>
					<control type="button" id="72">
						<description>'H' button</description>
						<onup>89</onup>
						<ondown>66</ondown>
						<include>dialog_KeyboardButton</include>
					</control>
					<control type="button" id="74">
						<description>'J' button</description>
						<onup>85</onup>
						<ondown>78</ondown>
						<include>dialog_KeyboardButton</include>
					</control>
					<control type="button" id="75">
						<description>'K' button</description>
						<onup>73</onup>
						<ondown>77</ondown>
						<include>dialog_KeyboardButton</include>
					</control>
					<control type="button" id="76">
						<description>'L' button</description>
						<onup>80</onup>
						<ondown>32</ondown>
						<include>dialog_KeyboardButton</include>
					</control>	
					<control type="button" id="300">
						<description>DONE button</description>
						<width>98</width>
						<label>$LOCALIZE[20177]</label>
						<onup>304</onup>
						<ondown>32</ondown>
						<include>dialog_KeyboardButton</include>
					</control>
				</control>
			<!--row 4-->
				<control type="grouplist">
					<top>174</top>
					<width>726</width>
					<height>70</height>
					<itemgap>10</itemgap>
					<orientation>horizontal</orientation>
					<visible>!Skin.HasSetting(keyboard.enable)</visible>
					<control type="button" id="305">
						<description>previous button</description>
						<width>64</width>
						<label>&lt;</label>
						<onup>302</onup>
						<ondown>101</ondown>
						<include>dialog_KeyboardButton</include>
					</control>
					<control type="button" id="306">
						<description>next button</description>
						<left>519</left>
						<width>64</width>
						<label>&gt;</label>
						<onup>65</onup>
						<ondown>48</ondown>
						<include>dialog_KeyboardButton</include>
					</control>
					<control type="button" id="90">
						<description>'Z' button</description>
						<onup>83</onup>
						<ondown>49</ondown>
						<include>dialog_KeyboardButton</include>
					</control>
					<control type="button" id="88">
						<description>'X' button</description>
						<onup>68</onup>
						<ondown>50</ondown>
						<include>dialog_KeyboardButton</include>
					</control>
					<control type="button" id="67">
						<description>'C' button</description>
						<onup>70</onup>
						<ondown>51</ondown>
						<include>dialog_KeyboardButton</include>
					</control>
					<control type="button" id="86">
						<description>'V' button</description>
						<onup>71</onup>
						<ondown>52</ondown>
						<include>dialog_KeyboardButton</include>
					</control>
					<control type="button" id="66">
						<description>'B' button</description>
						<onup>72</onup>
						<ondown>53</ondown>
						<include>dialog_KeyboardButton</include>
					</control>
					<control type="button" id="78">
						<description>'N' button</description>
						<onup>74</onup>
						<ondown>54</ondown>
						<include>dialog_KeyboardButton</include>
					</control>
					<control type="button" id="77">
						<description>'M' button</description>
						<onup>75</onup>
						<ondown>55</ondown>
						<include>dialog_KeyboardButton</include>
					</control>
					<control type="button" id="32">
						<description>SPACE button</description>
						<width>172</width>
						<label>$LOCALIZE[20182]</label>
						<onleft>305</onleft>
						<onright>306</onright>
						<onup>300</onup>
						<ondown>8</ondown>
						<include>dialog_KeyboardButton</include>
					</control>
				</control>
			</control>
		</control>
	</controls>
</window>