<?xml version="1.0" encoding="UTF-8"?>
<window>
	<defaultcontrol>-</defaultcontrol>
	<coordinates>
		<system>1</system>
		<left>59</left>
		<top>15</top>
	</coordinates>
	<controls>
		<control type="group">
			<width>950</width>
			<visible>!Window.IsActive(startup)</visible>
			<include>transition_WindowTitle</include>
			<include>toggle_Menu</include>
			<control type="list" id="9999">
				<width>600</width>
				<height>60</height>
				<scrolltime>0</scrolltime>
				<autoscroll time="1000">true</autoscroll>
				<orientation>vertical</orientation>
				<itemlayout height="60">
					<control type="label">
						<width>950</width>
						<aligny>center</aligny>
						<font>light_Window</font>
						<textcolor>Color1</textcolor>
						<label>$INFO[ListItem.Label]</label>
					</control>
				</itemlayout>
				<focusedlayout height="60">
					<control type="label">
						<width>950</width>
						<aligny>center</aligny>
						<font>light_Window</font>
						<textcolor>Color1</textcolor>
						<label>$INFO[ListItem.Label]</label>
					</control>
				</focusedlayout>
				<content>
					<item>
						<label>$LOCALIZE[31712]</label>
						<onclick>noop</onclick>
					</item>
					<item>
						<label>$LOCALIZE[31712].</label>
						<onclick>noop</onclick>
					</item>
					<item>
						<label>$LOCALIZE[31712]..</label>
						<onclick>noop</onclick>
					</item>
					<item>
						<label>$LOCALIZE[31712]...</label>
						<onclick>noop</onclick>
					</item>
				</content>
			</control>
		</control>
	</controls>
</window>