<?xml version="1.0" encoding="UTF-8"?>
<window>
	<defaultcontrol>1</defaultcontrol>
	<include>transition_Dialog</include>
	<coordinates>
		<system>1</system>
		<left>340</left>
		<top>168</top>
	</coordinates>
	<controls>
		<control type="image">
			<width>600</width>
			<height>385</height>
			<include>dialog_Window</include>
		</control>
		<control type="label" id="1000">
			<width>592</width>
			<include>dialog_Windowtitle</include>
		</control>
		<control type="group">
			<left>4</left>
			<top>60</top>
			<control type="image">
				<width>592</width>
				<include>dialog_Separator</include>
			</control>
			<control type="image" id="2">
				<width>1</width>
				<height>1</height>
				<texture>-</texture>
				<visible>false</visible>
			</control>
			<control type="grouplist" id="5">
				<width>592</width>
				<height>240</height>
				<onleft>28</onleft>
				<onright>29</onright>
				<onup>-</onup>
				<ondown>28</ondown>
				<itemgap>0</itemgap>
				<pagecontrol>60</pagecontrol>
			</control>
		</control>
		<!--default button-->
		<control type="button" id="7">
			<include>dialog_ControlCommons</include>
		</control>
		<!--default radiobutton-->
		<control type="radiobutton" id="8">
			<include>dialog_ControlCommons</include>
			<include>dialog_Radio</include>
		</control>
		<!--default spincontrol-->
		<control type="spincontrolex" id="9">
			<include>dialog_ControlCommons</include>
			<include>dialog_Spin</include>
		</control>
		<!--dialog buttons-->
		<control type="group" id="9001">
			<left>325</left>
			<top>320</top>
			<!--ok-->
			<control type="button" id="28">
				<label>$LOCALIZE[186]</label>
				<onleft>6</onleft>
				<onright>29</onright>
				<onup>5</onup>
				<ondown>9003</ondown>
				<include>dialog_WindowButton</include>
			</control>
			<!--cancel-->
			<control type="button" id="29">
				<left>130</left>
				<label>$LOCALIZE[222]</label>
				<onleft>28</onleft>
				<onright>6</onright>
				<onup>5</onup>
				<ondown>9003</ondown>
				<include>dialog_WindowButton</include>
			</control>
		</control>
	</controls>
</window>