<shortcuts>
	<shortcut>
		<label>19023</label>
		<label2>32087</label2>
		<icon>DefaultAudio.png</icon>
		<thumb />
		<action>ActivateWindow(RadioChannels)</action>
	</shortcut>
	<shortcut>
		<label>19069</label>
		<label2>32087</label2>
		<icon>DefaultAudio.png</icon>
		<thumb />
		<action>ActivateWindow(RadioGuide)</action>
	</shortcut>
	<shortcut>
		<label>19163</label>
		<label2>32087</label2>
		<icon>DefaultAudio.png</icon>
		<thumb />
		<action>ActivateWindow(RadioRecordings)</action>
	</shortcut>
	<shortcut>
		<label>32023</label>
		<label2>32087</label2>
		<icon>DefaultAudio.png</icon>
		<thumb />
		<action>ActivateWindow(RadioTimers)</action>
	</shortcut>
</shortcuts>
