<?xml version="1.0" encoding="UTF-8"?>
<overrides>
	<flatgroupings>
		<node label="::SCRIPT::32029">
			<content>common</content>
		</node>
		<node label="::SCRIPT::32030">
			<content>video</content>
			<content>movie-flat</content>
			<content>tvshow-flat</content>
			<content>musicvideo-flat</content>
			<content>customvideonode-flat</content>
		</node>
		<node label="::SCRIPT::32031">
			<content>music</content>
		</node>
		<node label="::SCRIPT::32017" condition="System.GetBool(pvrmanager.enabled)">
			<content>pvr</content>
			<content>pvr-tv</content>
			<content>pvr-radio</content>
		</node>
		<node label="::SCRIPT::32074">
			<content>videosources</content>
			<content>upnp-video</content>
			<content>musicsources</content>
			<content>upnp-music</content>
		</node>
		<node label="::SCRIPT::32040">
			<content>playlist-video</content>
			<content>playlist-audio</content>
		</node>
		<node label="::SCRIPT::32007">
			<shortcut label="::LOCAL::1037" type="::SCRIPT::32014" thumb="DefaultAddonVideo.png">ActivateWindow(Videos,Addons,return)</shortcut>
			<shortcut label="::LOCAL::1038" type="::SCRIPT::32019" thumb="DefaultAddonMusic.png">ActivateWindow(MusicLibrary,Addons,return)</shortcut>
			<shortcut label="::LOCAL::1039" type="::SCRIPT::32020" thumb="DefaultAddonPicture.png">ActivateWindow(Pictures,Addons,return)</shortcut>
			<shortcut label="::LOCAL::10001" type="::SCRIPT::32021" thumb="DefaultAddonProgram.png">ActivateWindow(Programs,Addons,return)</shortcut>
			<content>addon-program</content>
			<content>addon-video</content>
			<content>addon-audio</content>
			<content>addon-image</content>
		</node>
		<node label="::SCRIPT::32006">
			<content>favourite</content>
		</node>
		<node label="::SCRIPT::32054">
			<content>commands</content>
		</node>
	</flatgroupings>
	
	<groupings>
		<node label="::SCRIPT::32029">
			<content>common</content>
		</node>
		<node label="::SCRIPT::32030">
			<content>video</content>
			<content>customvideonode</content>
			<content>movie</content>
			<content>tvshow</content>
			<content>musicvideo</content>
			<node label="::SCRIPT::32040">
				<content>playlist-video</content>
			</node>
			<node label="::SCRIPT::32010">
				<shortcut label="::LOCAL::1037" type="::SCRIPT::32014" icon="DefaultAddonVideo.png">ActivateWindow(Videos,Addons,return)</shortcut>
				<content>addon-video</content>
			</node>
			<node label="::SCRIPT::32075">
				<content>videosources</content>
				<content>upnp-video</content>
			</node>
		</node>
		<node label="::SCRIPT::32031">
			<content>music</content>
			<node label="::SCRIPT::32040">
				<content>playlist-audio</content>
			</node>
			<node label="::SCRIPT::32011">
				<shortcut label="::LOCAL::1038" type="::SCRIPT::32019" icon="DefaultAddonMusic.png">ActivateWindow(MusicLibrary,Addons,return)</shortcut>
				<content>addon-audio</content>
			</node>
			<node label="::SCRIPT::32075">
				<content>musicsources</content>
				<content>upnp-music</content>
			</node>
		</node>
		<node label="::SCRIPT::32017" condition="System.GetBool(pvrmanager.enabled)">
			<content>pvr</content>
			<node label="::LOCAL::19023">
				<content>pvr-tv</content>
			</node>
			<node label="::LOCAL::19024">
				<content>pvr-radio</content>
			</node>
		</node>
		<node label="::SCRIPT::32007">
			<node label="::SCRIPT::32009">
				<shortcut label="::LOCAL::10001" type="::SCRIPT::32021" icon="DefaultAddonProgram.png">ActivateWindow(Programs,Addons,return)</shortcut>
				<content>addon-program</content>
			</node>
			<node label="::SCRIPT::32010">
				<shortcut label="::LOCAL::1037" type="::SCRIPT::32014" icon="DefaultAddonVideo.png">ActivateWindow(Videos,Addons,return)</shortcut>
				<content>addon-video</content>
			</node>
			<node label="::SCRIPT::32011">
				<shortcut label="::LOCAL::1038" type="::SCRIPT::32019" icon="DefaultAddonMusic.png">ActivateWindow(MusicLibrary,Addons,return)</shortcut>
				<content>addon-audio</content>
			</node>
			<node label="::SCRIPT::32012">
				<shortcut label="::LOCAL::1039" type="::SCRIPT::32020" icon="DefaultAddonPicture.png">ActivateWindow(Pictures,Addons,return)</shortcut>
				<content>addon-image</content>
			</node>
		</node>
		<node label="::SCRIPT::32006">
			<content>favourite</content>
		</node>
		<node label="::LOCAL::10004">
			<content>settings</content>
		</node>
		<node label="::SCRIPT::32054">
			<content>commands</content>
		</node>
	</groupings>
</overrides>