﻿<?xml version="1.0" encoding="UTF-8"?>
<includes>	
	<include name="home_Menu">
		<control type="grouplist">
			<include>screen_Dimensions</include>
			<orientation>horizontal</orientation>
			<itemgap>0</itemgap>
			<!--make the main container not wrap by using non-existant focus control-->
			<onright>99999</onright>
			<!---->
			<scrolltime tween="Cubic" easing="Out">400</scrolltime>
			<visible>!Window.IsActive(script-globalsearch-main.xml)</visible>
		<!--MAIN MENU-->
			<control type="group" id="9109">
				<width>340</width>
				<control type="image">
					<width>340</width>
					<height>screen_Height</height>
					<texture background="true">white.png</texture>
					<colordiffuse>base_3</colordiffuse>
					<animation effect="fade" start="100" end="95" time="0" condition="!Skin.HasSetting(shelf.enabled)">Conditional</animation>
				</control>
				<control type="grouplist" id="9110">
					<left>10</left>
					<top>10</top>
					<width>320</width>
					<height>700</height>
					<onup>9110</onup>
					<ondown>9110</ondown>
					<itemgap>1</itemgap>
					<pagecontrol>80</pagecontrol>
					<include>global_ListScroll</include>
					<orientation>vertical</orientation>
				<!--VIDEOS-->
					<!--submenu items disabled-->		
					<control type="button" id="100">
						<label>$LOCALIZE[3]</label>
						<label2>$VAR[home_SubIndicatorVideos]</label2>
						<!--submenu items disabled-->
						<onclick condition="[IsEmpty(Skin.String(customitem.video1.label)) + IsEmpty(Skin.String(customitem.video2.label)) + IsEmpty(Skin.String(customitem.video3.label)) + !Skin.HasSetting(videomenu.addons) + !Skin.HasSetting(videomenu.videoplaylists)]">ActivateWindow(Videos,return)</onclick>
						<!--submenu items enabled-->
						<onclick condition="![IsEmpty(Skin.String(customitem.video1.label)) + IsEmpty(Skin.String(customitem.video2.label)) + IsEmpty(Skin.String(customitem.video3.label)) + !Skin.HasSetting(videomenu.addons) + !Skin.HasSetting(videomenu.videoplaylists)]">SetFocus(1111)</onclick>
						<include>home_MenuButton</include>
						<visible>!Skin.HasSetting(homemenu.videos.disable)</visible>
					</control>
					<!--videos files-->
					<control type="button" id="102">
						<label>$LOCALIZE[744]</label>
						<onclick>ActivateWindow(Videos,sources://video/,return)</onclick>
						<onleft>100</onleft>
						<onback>100</onback>
						<include>home_SubMenuButton</include>
						<visible>!Skin.HasSetting(homemenu.videos.disable) + ![IsEmpty(Skin.String(customitem.video1.label)) + IsEmpty(Skin.String(customitem.video2.label)) + IsEmpty(Skin.String(customitem.video3.label)) + !Skin.HasSetting(videomenu.addons) + !Skin.HasSetting(videomenu.videoplaylists)] + [Control.HasFocus(1111) | Control.HasFocus(102) | Skin.String(HomeSub,$LOCALIZE[3])]</visible>
					</control>
					<!--custom video entry 1-->		
					<control type="button" id="103">
						<label>$INFO[Skin.String(customitem.video1.label)]</label>
						<onleft>100</onleft>
						<onback>100</onback>
						<onclick condition="Skin.String(customitem.video1.type,$LOCALIZE[20334])">ActivateWindow(Videos,$INFO[Skin.String(customitem.video1.path)],return)</onclick>
						<onclick condition="Skin.String(customitem.video1.type,$LOCALIZE[559])">ActivateWindow(VideoLibrary,$INFO[Skin.String(customitem.video1.playlistpath)],return)</onclick>
						<onclick condition="Skin.String(customitem.video1.type,$LOCALIZE[24000])">RunAddon($INFO[Skin.String(customitem.video1.addonpath)])</onclick>
						<include>home_SubMenuButton</include>
						<visible>!IsEmpty(Skin.String(customitem.video1.label)) + [Control.HasFocus(1111) | Control.HasFocus(103) | Skin.String(HomeSub,$LOCALIZE[3])]</visible>
					</control>
					<!--custom video entry 2-->
					<control type="button" id="104">
						<label>$INFO[Skin.String(customitem.video2.label)]</label>
						<onleft>100</onleft>
						<onback>100</onback>
						<onclick condition="Skin.String(customitem.video2.type,$LOCALIZE[20334])">ActivateWindow(Videos,$INFO[Skin.String(customitem.video2.path)],return)</onclick>
						<onclick condition="Skin.String(customitem.video2.type,$LOCALIZE[559])">ActivateWindow(VideoLibrary,$INFO[Skin.String(customitem.video2.playlistpath)],return)</onclick>
						<onclick condition="Skin.String(customitem.video2.type,$LOCALIZE[24000])">RunAddon($INFO[Skin.String(customitem.video2.addonpath)])</onclick>
						<include>home_SubMenuButton</include>
						<visible>!IsEmpty(Skin.String(customitem.video2.label)) + [Control.HasFocus(1111) | Control.HasFocus(104) | Skin.String(HomeSub,$LOCALIZE[3])]</visible>
					</control>
					<!--custom video entry 3-->
					<control type="button" id="105">
						<label>$INFO[Skin.String(customitem.video3.label)]</label>
						<onleft>100</onleft>
						<onback>100</onback>
						<onclick condition="Skin.String(customitem.video3.type,$LOCALIZE[20334])">ActivateWindow(Videos,$INFO[Skin.String(customitem.video3.path)],return)</onclick>
						<onclick condition="Skin.String(customitem.video3.type,$LOCALIZE[559])">ActivateWindow(VideoLibrary,$INFO[Skin.String(customitem.video3.playlistpath)],return)</onclick>
						<onclick condition="Skin.String(customitem.video3.type,$LOCALIZE[24000])">RunAddon($INFO[Skin.String(customitem.video3.addonpath)])</onclick>
						<include>home_SubMenuButton</include>
						<visible>!IsEmpty(Skin.String(customitem.video3.label)) + [Control.HasFocus(1111) | Control.HasFocus(105) | Skin.String(HomeSub,$LOCALIZE[3])]</visible>
					</control>
					<!--videos playlists-->
					<control type="button" id="110">
						<label>$LOCALIZE[136]</label>
						<onclick>ActivateWindow(VideoLibrary,PLaylists,return)</onclick>
						<onleft>100</onleft>
						<onback>100</onback>
						<include>home_SubMenuButton</include>
						<visible>Skin.HasSetting(videomenu.videoplaylists) + [Control.HasFocus(1111) | Control.HasFocus(111) | Skin.String(HomeSub,$LOCALIZE[3])]</visible>
					</control>
					<!--videos addons-->
					<control type="button" id="111">
						<label>$LOCALIZE[24001]</label>
						<onclick>ActivateWindow(VideoLibrary,Addons,return)</onclick>
						<onleft>100</onleft>
						<onback>100</onback>
						<include>home_SubMenuButton</include>
						<visible>[Control.HasFocus(1111) | Control.HasFocus(112) | Skin.String(HomeSub,$LOCALIZE[3])]</visible>
					</control>

				<!--MOVIES-->
					<control type="button" id="200">
						<label>$LOCALIZE[342]</label>
						<label2>$VAR[home_SubIndicatorMovies]</label2>
						<!--submenu items disabled-->
						<onclick condition="![Skin.HasSetting(moviesmenu.watchlist) | Skin.HasSetting(moviesmenu.recent) | Skin.HasSetting(moviesmenu.unwatched) | Skin.HasSetting(moviesmenu.inprogress) | Skin.HasSetting(moviesmenu.genres) | Skin.HasSetting(moviesmenu.years) | Skin.HasSetting(moviesmenu.actors) | Skin.HasSetting(moviesmenu.directors) | Skin.HasSetting(moviesmenu.studios) | Skin.HasSetting(moviesmenu.sets) | Skin.HasSetting(moviesmenu.countries) | Skin.HasSetting(moviesmenu.tags) | Skin.HasSetting(moviesmenu.trailers)] + [IsEmpty(Skin.String(customitem.movies1.label) + IsEmpty(Skin.String(customitem.movies2.label) + IsEmpty(Skin.String(customitem.movies3.label)]">ActivateWindow(Videos,movietitles,return)</onclick>
						<!--submenu items enabled-->
						<onclick condition="[Skin.HasSetting(moviesmenu.watchlist) | Skin.HasSetting(moviesmenu.recent) | Skin.HasSetting(moviesmenu.unwatched) | Skin.HasSetting(moviesmenu.inprogress) | Skin.HasSetting(moviesmenu.genres) | Skin.HasSetting(moviesmenu.years) | Skin.HasSetting(moviesmenu.actors) | Skin.HasSetting(moviesmenu.directors) | Skin.HasSetting(moviesmenu.studios) | Skin.HasSetting(moviesmenu.sets) | Skin.HasSetting(moviesmenu.countries) | Skin.HasSetting(moviesmenu.tags) | Skin.HasSetting(moviesmenu.trailers)] | ![IsEmpty(Skin.String(customitem.movies1.label) + IsEmpty(Skin.String(customitem.movies2.label) + IsEmpty(Skin.String(customitem.movies3.label)]">SetFocus(2222)</onclick>	
						<include>home_MenuButton</include>
						<visible>Library.HasContent(movies)</visible>
					</control>
					<control type="button" id="202">
						<label>$LOCALIZE[1024]</label>
						<onclick>ActivateWindow(Videos,movietitles,return)</onclick>
						<onleft>200</onleft>
						<onback>200</onback>
						<include>home_SubMenuButton</include>
						<visible>[Control.HasFocus(2222) | Control.HasFocus(202) | Skin.String(HomeSub,$LOCALIZE[342])]</visible>
					</control>
					<!--watchlist-->
					<control type="button" id="203">
						<label>$LOCALIZE[31013]</label>
						<onclick>ActivateWindow(Videos,plugin://script.watchlist?type=movies,return)</onclick>
						<!--<onclick>ActivateWindow(Videos,plugin://service.library.data.provider?type=recommendedmovies&amp;reload=$INFO[Window(10000).Property(recommendedmovies)],return)</onclick>-->
						<onleft>200</onleft>
						<onback>200</onback>
						<include>home_SubMenuButton</include>
						<visible>System.HasAddon(script.watchlist) + Skin.HasSetting(moviesmenu.watchlist) + [Control.HasFocus(2222) | Control.HasFocus(203) | Skin.String(HomeSub,$LOCALIZE[342])]</visible>
					</control>
					<!--new movies-->
					<control type="button" id="204">
						<label>$LOCALIZE[31011]</label>
						<onclick>ActivateWindow(Videos,recentlyaddedmovies,return)</onclick>
						<onleft>200</onleft>
						<onback>200</onback>
						<include>home_SubMenuButton</include>
						<visible>Skin.HasSetting(moviesmenu.recent) + [Control.HasFocus(2222) | Control.HasFocus(204) | Skin.String(HomeSub,$LOCALIZE[342])]</visible>
					</control>
					<!--unwatched movies-->
					<control type="button" id="205">
						<label>$LOCALIZE[16101]</label>
						<onclick>ActivateWindow(Videos,special://skin/playlists/movies/unwatched.xsp,return)</onclick>
						<onleft>200</onleft>
						<onback>200</onback>
						<include>home_SubMenuButton</include>
						<visible>Skin.HasSetting(moviesmenu.unwatched) + [Control.HasFocus(2222) | Control.HasFocus(205) | Skin.String(HomeSub,$LOCALIZE[342])]</visible>
					</control>
					<!--in progress movies-->
					<control type="button" id="206">
						<label>$LOCALIZE[575]</label>
						<onclick>ActivateWindow(videolibrary,special://skin/playlists/movies/in progress.xsp,return)</onclick>
						<onleft>200</onleft>
						<onback>200</onback>
						<include>home_SubMenuButton</include>
						<visible>Skin.HasSetting(moviesmenu.inprogress) + [Control.HasFocus(2222) | Control.HasFocus(206) | Skin.String(HomeSub,$LOCALIZE[342])]</visible>
					</control>
					<!--genres movies-->
					<control type="button" id="207">
						<label>$LOCALIZE[135]</label>
						<onclick>ActivateWindow(Videos,moviegenres,return)</onclick>
						<onleft>200</onleft>
						<onback>200</onback>
						<include>home_SubMenuButton</include>
						<visible>Skin.HasSetting(moviesmenu.genres) + [Control.HasFocus(2222) | Control.HasFocus(207) | Skin.String(HomeSub,$LOCALIZE[342])]</visible>
					</control>
					<!--years movies-->
					<control type="button" id="208">
						<label>$LOCALIZE[652]</label>
						<onclick>ActivateWindow(Videos,movieyears,return)</onclick>
						<onleft>200</onleft>
						<onback>200</onback>
						<include>home_SubMenuButton</include>
						<visible>Skin.HasSetting(moviesmenu.years) + [Control.HasFocus(2222) | Control.HasFocus(208) | Skin.String(HomeSub,$LOCALIZE[342])]</visible>
					</control>
					<!--actors movies-->
					<control type="button" id="209">
						<label>$LOCALIZE[344]</label>
						<onclick>ActivateWindow(Videos,movieactors,return)</onclick>
						<onleft>200</onleft>
						<onback>200</onback>
						<include>home_SubMenuButton</include>
						<visible>Skin.HasSetting(moviesmenu.actors) + [Control.HasFocus(2222) | Control.HasFocus(209) | Skin.String(HomeSub,$LOCALIZE[342])]</visible>
					</control>
					<!--directors movies-->
					<control type="button" id="210">
						<label>$LOCALIZE[20348]</label>
						<onclick>ActivateWindow(Videos,moviedirectors,return)</onclick>
						<onleft>200</onleft>
						<onback>200</onback>
						<include>home_SubMenuButton</include>
						<visible>Skin.HasSetting(moviesmenu.directors) + [Control.HasFocus(2222) | Control.HasFocus(210) | Skin.String(HomeSub,$LOCALIZE[342])]</visible>
					</control>
					<!--studios movies-->
					<control type="button" id="211">
						<label>$LOCALIZE[20388]</label>
						<onclick>ActivateWindow(Videos,moviestudios,return)</onclick>
						<onleft>200</onleft>
						<onback>200</onback>
						<include>home_SubMenuButton</include>
						<visible>Skin.HasSetting(moviesmenu.studios) + [Control.HasFocus(2222) | Control.HasFocus(211) | Skin.String(HomeSub,$LOCALIZE[342])]</visible>
					</control>
					<!--sets movies-->
					<control type="button" id="212">
						<label>$LOCALIZE[20434]</label>
						<onclick>ActivateWindow(Videos,moviesets,return)</onclick>
						<onleft>200</onleft>
						<onback>200</onback>
						<include>home_SubMenuButton</include>
						<visible>System.GetBool(videolibrary.groupmoviesets) + Skin.HasSetting(moviesmenu.sets) + [Control.HasFocus(2222) | Control.HasFocus(212) | Skin.String(HomeSub,$LOCALIZE[342])]</visible>
					</control>
					<!--countries movies-->
					<control type="button" id="213">
						<label>$LOCALIZE[20451]</label>
						<onclick>ActivateWindow(Videos,moviecountries,return)</onclick>
						<onleft>200</onleft>
						<onback>200</onback>
						<include>home_SubMenuButton</include>
						<visible>Skin.HasSetting(moviesmenu.countries) + [Control.HasFocus(2222) | Control.HasFocus(213) | Skin.String(HomeSub,$LOCALIZE[342])]</visible>
					</control>
					<!--tags movies-->
					<control type="button" id="214">
						<label>$LOCALIZE[20459]</label>
						<onclick>ActivateWindow(Videos,movietags,return)</onclick>
						<onleft>200</onleft>
						<onback>200</onback>
						<include>home_SubMenuButton</include>
						<visible>Skin.HasSetting(moviesmenu.tags) + [Control.HasFocus(2222) | Control.HasFocus(214) | Skin.String(HomeSub,$LOCALIZE[342])]</visible>
					</control>
					<!--trailers movies-->
					<control type="button" id="215">
						<label>$LOCALIZE[31015]</label>
						<onclick>XBMC.ActivateWindow(Videos,plugin://plugin.video.the.trailers/,return)</onclick>
						<onleft>200</onleft>
						<onback>200</onback>
						<include>home_SubMenuButton</include>
						<visible>System.HasAddon(plugin.video.the.trailers) + Skin.HasSetting(moviesmenu.trailers) + [Control.HasFocus(2222) | Control.HasFocus(215) | Skin.String(HomeSub,$LOCALIZE[342])]</visible>
					</control>
					<!--custom movies entry 1-->
					<control type="button" id="220">
						<label>$INFO[Skin.String(customitem.movies1.label)]</label>
						<onclick condition="Skin.String(customitem.movies1.type,$LOCALIZE[20334])">ActivateWindow(Videos,$INFO[Skin.String(customitem.movies1.path)],return)</onclick>
						<onclick condition="Skin.String(customitem.movies1.type,$LOCALIZE[559])">ActivateWindow(VideoLibrary,$INFO[Skin.String(customitem.movies1.playlistpath)],return)</onclick>
						<onclick condition="Skin.String(customitem.movies1.type,$LOCALIZE[24000])">RunAddon($INFO[Skin.String(customitem.movies1.addonpath)])</onclick>
						<onleft>200</onleft>
						<onback>200</onback>
						<include>home_SubMenuButton</include>
						<visible>!IsEmpty(Skin.String(customitem.movies1.label)) + [Control.HasFocus(2222) | Control.HasFocus(220) | Skin.String(HomeSub,$LOCALIZE[342])]</visible>
					</control>
					<!--custom movies entry 2-->
					<control type="button" id="221">
						<label>$INFO[Skin.String(customitem.movies2.label)]</label>
						<onclick condition="Skin.String(customitem.movies2.type,$LOCALIZE[20334])">ActivateWindow(Videos,$INFO[Skin.String(customitem.movies2.path)],return)</onclick>
						<onclick condition="Skin.String(customitem.movies2.type,$LOCALIZE[559])">ActivateWindow(VideoLibrary,$INFO[Skin.String(customitem.movies2.playlistpath)],return)</onclick>
						<onclick condition="Skin.String(customitem.movies2.type,$LOCALIZE[24000])">RunAddon($INFO[Skin.String(customitem.movies2.addonpath)])</onclick>
						<onleft>200</onleft>
						<onback>200</onback>
						<include>home_SubMenuButton</include>
						<visible>!IsEmpty(Skin.String(customitem.movies2.label)) + [Control.HasFocus(2222) | Control.HasFocus(221) | Skin.String(HomeSub,$LOCALIZE[342])]</visible>
					</control>
					<!--custom movies entry 3-->
					<control type="button" id="222">
						<label>$INFO[Skin.String(customitem.movies3.label)]</label>
						<onclick condition="Skin.String(customitem.movies3.type,$LOCALIZE[20334])">ActivateWindow(Videos,$INFO[Skin.String(customitem.movies3.path)],return)</onclick>
						<onclick condition="Skin.String(customitem.movies3.type,$LOCALIZE[559])">ActivateWindow(VideoLibrary,$INFO[Skin.String(customitem.movies3.playlistpath)],return)</onclick>
						<onclick condition="Skin.String(customitem.movies3.type,$LOCALIZE[24000])">RunAddon($INFO[Skin.String(customitem.movies3.addonpath)])</onclick>
						<onleft>200</onleft>
						<onback>200</onback>
						<include>home_SubMenuButton</include>
						<visible>!IsEmpty(Skin.String(customitem.movies3.label)) + [Control.HasFocus(2222) | Control.HasFocus(222) | Skin.String(HomeSub,$LOCALIZE[342])]</visible>
					</control>

				<!--TV SHOWS-->
					<control type="button" id="300">
						<label>$LOCALIZE[20343]</label>
						<label2>$VAR[home_SubIndicatorTV]</label2>
						<!--submenu items disabled-->
						<onclick condition="[IsEmpty(Skin.String(customitem.tvshows1.label)) + IsEmpty(Skin.String(customitem.tvshows2.label) + IsEmpty(Skin.String(customitem.tvshows3.label)] + ![Skin.HasSetting(tvshowsmenu.recent) | Skin.HasSetting(tvshowsmenu.unwatched) | Skin.HasSetting(tvshowsmenu.inprogress) | Skin.HasSetting(tvshowsmenu.watchlist) | Skin.HasSetting(tvshowsmenu.genres) | Skin.HasSetting(tvshowsmenu.years) | Skin.HasSetting(tvshowsmenu.actors) | Skin.HasSetting(tvshowsmenu.studios) | Skin.HasSetting(tvshowsmenu.tags)]">ActivateWindow(Videos,tvshowtitles,return)</onclick>
						<!--submenu items enabled-->
						<onclick condition="![IsEmpty(Skin.String(customitem.tvshows1.label)) + IsEmpty(Skin.String(customitem.tvshows2.label) + IsEmpty(Skin.String(customitem.tvshows3.label)] | [Skin.HasSetting(tvshowsmenu.recent) | Skin.HasSetting(tvshowsmenu.unwatched) | Skin.HasSetting(tvshowsmenu.inprogress) | Skin.HasSetting(tvshowsmenu.watchlist) | Skin.HasSetting(tvshowsmenu.genres) | Skin.HasSetting(tvshowsmenu.years) | Skin.HasSetting(tvshowsmenu.actors) | Skin.HasSetting(tvshowsmenu.studios) | Skin.HasSetting(tvshowsmenu.tags)]">SetFocus(3333)</onclick>
						<include>home_MenuButton</include>
						<visible>Library.HasContent(tvshows)</visible>
					</control>
					<control type="button" id="302">
						<label>$LOCALIZE[1024]</label>
						<onclick>ActivateWindow(Videos,tvshowtitles,return)</onclick>
						<onleft>300</onleft>
						<onback>300</onback>
						<include>home_SubMenuButton</include>
						<visible>[Control.HasFocus(3333) | Control.HasFocus(302) | Skin.String(HomeSub,$LOCALIZE[20343])]</visible>
					</control>
					<!--watchlist-->
					<control type="button" id="304">
						<label>$LOCALIZE[31013]</label>
						<onclick>ActivateWindow(Videos,plugin://script.watchlist?type=episodes,return)</onclick>
						<!--<onclick>ActivateWindow(Videos,plugin://service.library.data.provider?type=recommendedepisodes&amp;reload=$INFO[Window(10000).Property(recommendedepisodes)],return)</onclick>-->
						<onleft>300</onleft>
						<onback>300</onback>
						<include>home_SubMenuButton</include>
						<visible>System.HasAddon(script.watchlist) + Skin.HasSetting(tvshowsmenu.watchlist) + [Control.HasFocus(3333) | Control.HasFocus(304) | Skin.String(HomeSub,$LOCALIZE[20343])]</visible>
					</control>
					<!--in progress tvshows-->
					<control type="button" id="305">
						<label>$LOCALIZE[575]</label>
						<onclick>ActivateWindow(Videos,library://video/inprogressshows.xml,return)</onclick>
						<onleft>41</onleft>
						<onback>41</onback>
						<include>home_SubMenuButton</include>
						<visible>Skin.HasSetting(tvshowsmenu.inprogress) + [Control.HasFocus(3333) | Control.HasFocus(305) | Skin.String(HomeSub,$LOCALIZE[20343])]</visible>
					</control>
					<!--recent tvshows-->
					<control type="button" id="306">
						<label>$LOCALIZE[31010]</label>
						<onclick>ActivateWindow(Videos,recentlyaddedepisodes,return)</onclick>
						<onleft>300</onleft>
						<onback>300</onback>
						<include>home_SubMenuButton</include>
						<visible>Skin.HasSetting(tvshowsmenu.recent) + [Control.HasFocus(3333) | Control.HasFocus(306) | Skin.String(HomeSub,$LOCALIZE[20343])]</visible>
					</control>
					<!--unwatched tvshows-->
					<control type="button" id="307">
						<label>$LOCALIZE[16101]</label>
						<onclick>ActivateWindow(Videos,special://skin/playlists/episodes/unwatched.xsp,return)</onclick>
						<onleft>300</onleft>
						<onback>300</onback>
						<include>home_SubMenuButton</include>
						<visible>Skin.HasSetting(tvshowsmenu.unwatched) + [Control.HasFocus(3333) | Control.HasFocus(307) | Skin.String(HomeSub,$LOCALIZE[20343])]</visible>
					</control>
					<!--genres tvshows-->
					<control type="button" id="308">
						<label>$LOCALIZE[135]</label>
						<onclick>ActivateWindow(Videos,tvshowgenres,return)</onclick>
						<onleft>300</onleft>
						<onback>300</onback>
						<include>home_SubMenuButton</include>
						<visible>Skin.HasSetting(tvshowsmenu.genres) + [Control.HasFocus(3333) | Control.HasFocus(308) | Skin.String(HomeSub,$LOCALIZE[20343])]</visible>
					</control>
					<!--years tvshows-->
					<control type="button" id="309">
						<label>$LOCALIZE[652]</label>
						<onclick>ActivateWindow(Videos,tvshowyears,return)</onclick>
						<onleft>300</onleft>
						<onback>300</onback>
						<include>home_SubMenuButton</include>
						<visible>Skin.HasSetting(tvshowsmenu.years) + [Control.HasFocus(3333) | Control.HasFocus(309) | Skin.String(HomeSub,$LOCALIZE[20343])]</visible>
					</control>
					<!--actors tvshows-->
					<control type="button" id="310">
						<label>$LOCALIZE[344]</label>
						<onclick>ActivateWindow(Videos,tvshowactors,return)</onclick>
						<onleft>300</onleft>
						<onback>300</onback>
						<include>home_SubMenuButton</include>
						<visible>Skin.HasSetting(tvshowsmenu.actors) + [Control.HasFocus(3333) | Control.HasFocus(310) | Skin.String(HomeSub,$LOCALIZE[20343])]</visible>
					</control>
					<!--studios tvshows-->
					<control type="button" id="311">
						<label>$LOCALIZE[20388]</label>
						<onclick>ActivateWindow(Videos,tvshowstudios,return)</onclick>
						<onleft>300</onleft>
						<onback>300</onback>
						<include>home_SubMenuButton</include>
						<visible>Skin.HasSetting(tvshowsmenu.studios) + [Control.HasFocus(3333) | Control.HasFocus(311) | Skin.String(HomeSub,$LOCALIZE[20343])]</visible>
					</control>
					<!--tags tvshows-->
					<control type="button" id="312">
						<label>$LOCALIZE[20459]</label>
						<onclick>ActivateWindow(Videos,tvshowtags,return)</onclick>
						<onleft>300</onleft>
						<onback>300</onback>
						<include>home_SubMenuButton</include>
						<visible>Skin.HasSetting(tvshowsmenu.tags) + [Control.HasFocus(3333) | Control.HasFocus(312) | Skin.String(HomeSub,$LOCALIZE[20343])]</visible>
					</control>
					<!--tvshows guide-->
					<control type="button" id="313">
						<label>$LOCALIZE[22020]</label>
						<onclick>RunAddon(script.tv.show.next.aired)</onclick>
						<onleft>300</onleft>
						<onback>300</onback>
						<include>home_SubMenuButton</include>
						<visible>Skin.HasSetting(tvshowsmenu.guide) + [Control.HasFocus(3333) | Control.HasFocus(313) | Skin.String(HomeSub,$LOCALIZE[20343])]</visible>
					</control>
					<!--custom tvshows entry 1-->
					<control type="button" id="320">
						<label>$INFO[Skin.String(customitem.tvshows1.label)]</label>
						<onclick condition="Skin.String(customitem.tvshows1.type,$LOCALIZE[20334])">ActivateWindow(Videos,$INFO[Skin.String(customitem.tvshows1.path)],return)</onclick>
						<onclick condition="Skin.String(customitem.tvshows1.type,$LOCALIZE[559])">ActivateWindow(VideoLibrary,$INFO[Skin.String(customitem.tvshows1.playlistpath)],return)</onclick>
						<onclick condition="Skin.String(customitem.tvshows1.type,$LOCALIZE[24000])">RunAddon($INFO[Skin.String(customitem.tvshows1.addonpath)])</onclick>
						<onleft>300</onleft>
						<onback>300</onback>
						<include>home_SubMenuButton</include>
						<visible>!IsEmpty(Skin.String(customitem.tvshows1.label)) + [Control.HasFocus(2222) | Control.HasFocus(320) | Skin.String(HomeSub,$LOCALIZE[20343])]</visible>
					</control>
					<!--custom tvshows entry 2-->
					<control type="button" id="321">
						<label>$INFO[Skin.String(customitem.tvshows2.label)]</label>
						<onclick condition="Skin.String(customitem.tvshows2.type,$LOCALIZE[20334])">ActivateWindow(Videos,$INFO[Skin.String(customitem.tvshows2.path)],return)</onclick>
						<onclick condition="Skin.String(customitem.tvshows2.type,$LOCALIZE[559])">ActivateWindow(VideoLibrary,$INFO[Skin.String(customitem.tvshows2.playlistpath)],return)</onclick>
						<onclick condition="Skin.String(customitem.tvshows2.type,$LOCALIZE[24000])">RunAddon($INFO[Skin.String(customitem.tvshows2.addonpath)])</onclick>
						<onleft>300</onleft>
						<onback>300</onback>
						<include>home_SubMenuButton</include>
						<visible>!IsEmpty(Skin.String(customitem.tvshows2.label)) + [Control.HasFocus(2222) | Control.HasFocus(321) | Skin.String(HomeSub,$LOCALIZE[20343])]</visible>
					</control>
					<!--custom tvshows entry 3-->
					<control type="button" id="322">
						<label>$INFO[Skin.String(customitem.tvshows3.label)]</label>
						<onclick condition="Skin.String(customitem.tvshows3.type,$LOCALIZE[20334])">ActivateWindow(Videos,$INFO[Skin.String(customitem.tvshows3.path)],return)</onclick>
						<onclick condition="Skin.String(customitem.tvshows3.type,$LOCALIZE[559])">ActivateWindow(VideoLibrary,$INFO[Skin.String(customitem.tvshows3.playlistpath)],return)</onclick>
						<onclick condition="Skin.String(customitem.tvshows3.type,$LOCALIZE[24000])">RunAddon($INFO[Skin.String(customitem.tvshows3.addonpath)])</onclick>
						<onleft>300</onleft>
						<onback>300</onback>
						<include>home_SubMenuButton</include>
						<visible>!IsEmpty(Skin.String(customitem.tvshows3.label)) + [Control.HasFocus(2222) | Control.HasFocus(322) | Skin.String(HomeSub,$LOCALIZE[20343])]</visible>
					</control>

				<!--PVR-->
					<!--submenu items disabled-->
					<control type="button" id="400">
						<label>$LOCALIZE[31014]</label>
						<label2>$VAR[home_SubIndicatorPVR]</label2>
						<!--submenu items disabled-->
						<onclick condition="![Skin.HasSetting(tvmenu.channels) | Skin.HasSetting(tvmenu.guide) | Skin.HasSetting(tvmenu.recordings) | Skin.HasSetting(tvmenu.timers)]">ActivateWindow(PVR)</onclick>
						<!--submenu items enabled-->
						<onclick condition="[Skin.HasSetting(tvmenu.channels) | Skin.HasSetting(tvmenu.guide) | Skin.HasSetting(tvmenu.recordings) | Skin.HasSetting(tvmenu.timers)]">SetFocus(4444)</onclick>
						<include>home_MenuButton</include>
						<visible>System.GetBool(pvrmanager.enabled)</visible>
					</control>
					<!--tv channels-->
					<control type="button" id="401">
						<label>$LOCALIZE[19023]</label>
						<onclick>ActivateWindowAndFocus(MyPVR, 32,0, 11,0)</onclick>
						<onleft>400</onleft>
						<onback>400</onback>
						<include>home_SubMenuButton</include>
						<visible>Skin.HasSetting(tvmenu.channels) + [Control.HasFocus(4444) | Control.HasFocus(401) | Skin.String(HomeSub,$LOCALIZE[31113])]</visible>
					</control>
					<!--radio channels-->
					<control type="button" id="402">
						<label>$LOCALIZE[19024]</label>
						<onclick>ActivateWindowAndFocus(MyPVR, 33,0, 12,0)</onclick>
						<onleft>400</onleft>
						<onback>400</onback>
						<include>home_SubMenuButton</include>
						<visible>Skin.HasSetting(tvmenu.channels) + [Control.HasFocus(4444) | Control.HasFocus(402) | Skin.String(HomeSub,$LOCALIZE[31113])]</visible>
					</control>
					<!--epg-->
					<control type="button" id="403">
						<label>$LOCALIZE[19069]</label>
						<onclick>ActivateWindowAndFocus(MyPVR, 31,0, 10,0)</onclick>
						<onleft>400</onleft>
						<onback>400</onback>
						<include>home_SubMenuButton</include>
						<visible>Skin.HasSetting(tvmenu.guide) + [Control.HasFocus(4444) | Control.HasFocus(403) | Skin.String(HomeSub,$LOCALIZE[31113])]</visible>
					</control>
					<!--recordings-->
					<control type="button" id="404">
						<label>$LOCALIZE[19163]</label>
						<onclick>ActivateWindowAndFocus(MyPVR, 34,0, 13,0)</onclick>
						<onleft>400</onleft>
						<onback>400</onback>
						<include>home_SubMenuButton</include>
						<visible>Skin.HasSetting(tvmenu.recordings) + [Control.HasFocus(4444) | Control.HasFocus(404) | Skin.String(HomeSub,$LOCALIZE[31113])]</visible>
					</control>
					<!--timers-->
					<control type="button" id="405">
						<label>$LOCALIZE[19040]</label>
						<onclick>ActivateWindowAndFocus(MyPVR, 35,0, 14,0)</onclick>
						<onleft>400</onleft>
						<onback>400</onback>
						<include>home_SubMenuButton</include>
						<visible>Skin.HasSetting(tvmenu.timers) + [Control.HasFocus(4444) | Control.HasFocus(405) | Skin.String(HomeSub,$LOCALIZE[31113])]</visible>
					</control>

				<!--MUSIC-->
					<!--submenu items disabled-->
					<control type="button" id="500">
						<label>$LOCALIZE[2]</label>
						<onclick condition="Library.HasContent(music)">ActivateWindow(MyMusicLibrary,return)</onclick>
						<onclick condition="!Library.HasContent(music)">ActivateWindow(MusicFiles,return)</onclick>
						<include>home_MenuButton</include>
						<visible>!Skin.HasSetting(homemenu.music.disable) + ![Skin.HasSetting(musicmenu.albums) | Skin.HasSetting(musicmenu.recent) | Skin.HasSetting(musicmenu.artists) | Skin.HasSetting(musicmenu.played) | Skin.HasSetting(musicmenu.genres) | Skin.HasSetting(musicmenu.years) | Skin.HasSetting(musicmenu.addons) | Skin.HasSetting(musicmenu.playlists) | Skin.HasSetting(musicmenu.partymode) | Skin.HasSetting(musicmenu.lastfm) | Skin.HasSetting(musicmenu.videos)]</visible>
					</control>
					<!--submenu items enabled-->		
					<control type="button" id="501">
						<label>$LOCALIZE[2]</label>
						<label2>›</label2>
						<onclick>SetFocus(5555)</onclick>
						<include>home_MenuButton</include>
						<visible>!Skin.HasSetting(homemenu.music.disable) + [Skin.HasSetting(musicmenu.albums) | Skin.HasSetting(musicmenu.recent) | Skin.HasSetting(musicmenu.artists) | Skin.HasSetting(musicmenu.played) | Skin.HasSetting(musicmenu.genres) | Skin.HasSetting(musicmenu.years) | Skin.HasSetting(musicmenu.addons) | Skin.HasSetting(musicmenu.playlists) | Skin.HasSetting(musicmenu.partymode) | Skin.HasSetting(musicmenu.lastfm) | Skin.HasSetting(musicmenu.videos)]</visible>
					</control>
					<!--music browse-->
					<control type="button" id="502">
						<label>$LOCALIZE[1024]</label>
						<onclick condition="Library.HasContent(music)">ActivateWindow(MusicLibrary)</onclick>
						<onclick condition="!Library.HasContent(music)">ActivateWindow(MusicFiles)</onclick>
						<onleft>501</onleft>
						<onback>501</onback>
						<include>home_SubMenuButton</include>
						<visible>!Skin.HasSetting(homemenu.music.disable) + [Control.HasFocus(5555) | Control.HasFocus(502) | Skin.String(HomeSub,$LOCALIZE[2])]</visible>
					</control>
					<!--music albums-->
					<control type="button" id="503">
						<label>$LOCALIZE[132]</label>
						<onclick>ActivateWindow(MusicLibrary,Albums)</onclick>
						<onleft>501</onleft>
						<onback>501</onback>
						<include>home_SubMenuButton</include>
						<visible>!Skin.HasSetting(homemenu.music.disable) + Skin.HasSetting(musicmenu.albums) + [Control.HasFocus(5555) | Control.HasFocus(503) | Skin.String(HomeSub,$LOCALIZE[2])]</visible>
					</control>
					<!--music new albums-->
					<control type="button" id="504">
						<label>$LOCALIZE[31012]</label>
						<onclick>ActivateWindow(MusicLibrary,recentlyaddedalbums)</onclick>
						<onleft>501</onleft>
						<onback>501</onback>
						<include>home_SubMenuButton</include>
						<visible>!Skin.HasSetting(homemenu.music.disable) + Skin.HasSetting(musicmenu.recent) + [Control.HasFocus(5555) | Control.HasFocus(504) | Skin.String(HomeSub,$LOCALIZE[2])]</visible>
					</control>
					<!--music recent albums-->
					<control type="button" id="505">
						<label>$LOCALIZE[31016]</label>
						<onclick>ActivateWindow(MusicLibrary,recentlyplayedalbums)</onclick>
						<onleft>501</onleft>
						<onback>501</onback>
						<include>home_SubMenuButton</include>
						<visible>!Skin.HasSetting(homemenu.music.disable) + Skin.HasSetting(musicmenu.played) + [Control.HasFocus(5555) | Control.HasFocus(505) | Skin.String(HomeSub,$LOCALIZE[2])]</visible>
					</control>
					<!--music artists-->
					<control type="button" id="506">
						<label>$LOCALIZE[133]</label>
						<onclick>ActivateWindow(MusicLibrary,artists)</onclick>
						<onleft>501</onleft>
						<onback>501</onback>
						<include>home_SubMenuButton</include>
						<visible>!Skin.HasSetting(homemenu.music.disable) + Skin.HasSetting(musicmenu.artists) + [Control.HasFocus(5555) | Control.HasFocus(506) | Skin.String(HomeSub,$LOCALIZE[2])]</visible>
					</control>
					<!--music genres-->
					<control type="button" id="507">
						<label>$LOCALIZE[135]</label>
						<onclick>ActivateWindow(MusicLibrary,genres)</onclick>
						<onleft>501</onleft>
						<onback>501</onback>
						<include>home_SubMenuButton</include>
						<visible>!Skin.HasSetting(homemenu.music.disable) + Skin.HasSetting(musicmenu.genres)  + [Control.HasFocus(5555) | Control.HasFocus(507) | Skin.String(HomeSub,$LOCALIZE[2])]</visible>
					</control>
					<!--music years-->
					<control type="button" id="508">
						<label>$LOCALIZE[652]</label>
						<onclick>ActivateWindow(MusicLibrary,years)</onclick>
						<onleft>501</onleft>
						<onback>501</onback>
						<include>home_SubMenuButton</include>
						<visible>!Skin.HasSetting(homemenu.music.disable) + Skin.HasSetting(musicmenu.years)  + [Control.HasFocus(5555) | Control.HasFocus(508) | Skin.String(HomeSub,$LOCALIZE[2])]</visible>
					</control>
					<!--music addons-->
					<control type="button" id="509">
						<label>$LOCALIZE[24001]</label>
						<onclick condition="Library.HasContent(music)">ActivateWindow(MusicLibrary,Addons)</onclick>
						<onclick condition="!Library.HasContent(music)">ActivateWindow(MusicFiles,Addons)</onclick>
						<onleft>501</onleft>
						<onback>501</onback>
						<include>home_SubMenuButton</include>
						<visible>!Skin.HasSetting(homemenu.music.disable) + Skin.HasSetting(musicmenu.addons) + [Control.HasFocus(5555) | Control.HasFocus(509) | Skin.String(HomeSub,$LOCALIZE[2])]</visible>
					</control>
					<!--music playlists-->
					<control type="button" id="510">
						<label>$LOCALIZE[136]</label>
						<onclick>ActivateWindow(MusicLibrary,playlists)</onclick>
						<onleft>501</onleft>
						<onback>501</onback>
						<include>home_SubMenuButton</include>
						<visible>!Skin.HasSetting(homemenu.music.disable) + Skin.HasSetting(musicmenu.playlists) + [Control.HasFocus(5555) | Control.HasFocus(510) | Skin.String(HomeSub,$LOCALIZE[2])]</visible>
					</control>
					<!--music partymode-->
					<control type="button" id="511">
						<label>$LOCALIZE[589]</label>
						<onclick>XBMC.PlayerControl(Partymode)</onclick>
						<onleft>501</onleft>
						<onback>501</onback>
						<include>home_SubMenuButton</include>
						<visible>!Skin.HasSetting(homemenu.music.disable) + Skin.HasSetting(musicmenu.partymode) + [!Skin.HasSetting(homemenu.music.disable) + []Control.HasFocus(5555) | Control.HasFocus(511) | Skin.String(HomeSub,$LOCALIZE[2])]</visible>
					</control>
					<!--music lastfm-->
					<control type="button" id="512">
						<label>$LOCALIZE[15200]</label>
						<onclick>ActivateWindow(MyMusicLibrary,lastfm://)</onclick>
						<onleft>501</onleft>
						<onback>501</onback>
						<include>home_SubMenuButton</include>
						<visible>!Skin.HasSetting(homemenu.music.disable) + Skin.HasSetting(musicmenu.lastfm) + [Control.HasFocus(5555) | Control.HasFocus(512) | Skin.String(HomeSub,$LOCALIZE[2])]</visible>
					</control>
					<!--music videos-->
					<control type="button" id="513">
						<label>$LOCALIZE[20389]</label>
						<onclick>ActivateWindow(videolibrary,musicvideotitles)</onclick>
						<onleft>501</onleft>
						<onback>501</onback>
						<include>home_SubMenuButton</include>
						<visible>!Skin.HasSetting(homemenu.music.disable) + Skin.HasSetting(musicmenu.videos) + [Control.HasFocus(5555) | Control.HasFocus(513) | Skin.String(HomeSub,$LOCALIZE[2])]</visible>
					</control>

				<!--PICTURES-->
					<control type="button" id="600">
						<label>$LOCALIZE[1]</label>
						<label2>$VAR[home_SubIndicatorPictures]</label2>
						<!--submenu items disabled-->
						<onclick condition="!Skin.HasSetting(picturesmenu.addons)">ActivateWindow(Pictures,return)</onclick>
						<!--submenu items enabled-->
						<onclick condition="Skin.HasSetting(picturesmenu.addons)">SetFocus(6666)</onclick>
						<include>home_MenuButton</include>
						<visible>!Skin.HasSetting(homemenu.pictures.disable)</visible>
					</control>
					<!--browse pictures-->
					<control type="button" id="601">
						<label>$LOCALIZE[1024]</label>
						<onclick>ActivateWindow(Pictures,return)</onclick>
						<onleft>600</onleft>
						<onback>600</onback>
						<include>home_SubMenuButton</include>
						<visible>Skin.HasSetting(picturesmenu.addons) + [Control.HasFocus(6666) | Control.HasFocus(603) | Skin.String(HomeSub,$LOCALIZE[1])]</visible>
					</control>
					<!--pictures addons-->
					<control type="button" id="602">
						<label>$LOCALIZE[24001]</label>
						<onclick>ActivateWindow(Pictures,Addons,return)</onclick>
						<onleft>600</onleft>
						<onback>600</onback>
						<include>home_SubMenuButton</include>
						<visible>Skin.HasSetting(picturesmenu.addons) + [Control.HasFocus(6666) | Control.HasFocus(604) | Skin.String(HomeSub,$LOCALIZE[1])]</visible>
					</control>

				<!--ADDONS-->
					<control type="button" id="700">
						<label>$LOCALIZE[24001]</label>
						<label2>$VAR[home_SubIndicatorAddons]</label2>
						<!--submenu items disabled-->
						<onclick condition="![Skin.HasSetting(addonsmenu.video) | Skin.HasSetting(addonsmenu.music) | Skin.HasSetting(addonsmenu.pictures) | Skin.HasSetting(addonsmenu.programs) | Skin.HasSetting(addonsmenu.weather)]">ActivateWindow(AddonBrowser,root)</onclick>
						<!--submenu items enabled-->
						<onclick condition="[Skin.HasSetting(addonsmenu.video) | Skin.HasSetting(addonsmenu.music) | Skin.HasSetting(addonsmenu.pictures) | Skin.HasSetting(addonsmenu.programs) | Skin.HasSetting(addonsmenu.weather)]">SetFocus(7777)</onclick>
						<include>home_MenuButton</include>
						<visible>!Skin.HasSetting(homemenu.addons.disable)</visible>
					</control>
					<!--addons browse-->
					<control type="button" id="702">
						<label>$LOCALIZE[1024]</label>
						<onclick>ActivateWindow(AddonBrowser,root)</onclick>
						<onleft>700</onleft>
						<onback>700</onback>
						<include>home_SubMenuButton</include>
						<visible>!Skin.HasSetting(homemenu.addons.disable) + [Control.HasFocus(7777) | Control.HasFocus(702) | Skin.String(HomeSub,$LOCALIZE[24001])]</visible>
					</control>
					<!--addons video-->
					<control type="button" id="703">
						<label>$LOCALIZE[157]</label>
						<onclick>ActivateWindow(Videos,Addons,return)</onclick>
						<onleft>700</onleft>
						<onback>700</onback>
						<include>home_SubMenuButton</include>
						<visible>Skin.HasSetting(addonsmenu.video) + [Control.HasFocus(7777) | Control.HasFocus(703) | Skin.String(HomeSub,$LOCALIZE[24001])]</visible>
					</control>
					<!--addons music-->
					<control type="button" id="704">
						<label>$LOCALIZE[249]</label>
						<onclick condition="Library.HasContent(music)">ActivateWindow(MusicLibrary,Addons)</onclick>
						<onclick condition="!Library.HasContent(music)">ActivateWindow(MusicFiles,Addons)</onclick>
						<onleft>700</onleft>
						<onback>700</onback>
						<include>home_SubMenuButton</include>
						<visible>Skin.HasSetting(addonsmenu.music) + [Control.HasFocus(7777) | Control.HasFocus(704) | Skin.String(HomeSub,$LOCALIZE[24001])]</visible>
					</control>
					<!--addons pictures-->
					<control type="button" id="705">
						<label>$LOCALIZE[1]</label>
						<onclick>ActivateWindow(Pictures,Addons,return)</onclick>
						<onleft>700</onleft>
						<onback>700</onback>
						<include>home_SubMenuButton</include>
						<visible>Skin.HasSetting(addonsmenu.pictures) + [Control.HasFocus(7777) | Control.HasFocus(705) | Skin.String(HomeSub,$LOCALIZE[24001])]</visible>
					</control>
					<!--addons programs-->
					<control type="button" id="706">
						<label>$LOCALIZE[0]</label>
						<onclick>ActivateWindow(Programs,Addons,return)</onclick>
						<onleft>700</onleft>
						<onback>700</onback>
						<include>home_SubMenuButton</include>
						<visible>Skin.HasSetting(addonsmenu.programs) + [Control.HasFocus(7777) | Control.HasFocus(706) | Skin.String(HomeSub,$LOCALIZE[24001])]</visible>
					</control>
					<!--addons weather-->
					<control type="button" id="707">
						<label>$LOCALIZE[8]</label>
						<onclick>ActivateWindow(weather)</onclick>
						<onleft>700</onleft>
						<onback>700</onback>
						<include>home_SubMenuButton</include>
						<visible>Skin.HasSetting(addonsmenu.weather) + [Control.HasFocus(7777) | Control.HasFocus(707) | Skin.String(HomeSub,$LOCALIZE[24001])]</visible>
					</control>

				<!--SYSTEM-->
					<!--submenu items disabled-->		
					<control type="button" id="800">
						<label>$LOCALIZE[13000]</label>
						<label2>$VAR[home_SubIndicatorSystem]</label2>
						<!--submenu items disabled-->
						<onclick condition="![Skin.HasSetting(systemmenu.info) | Skin.HasSetting(systemmenu.filemanager) | Skin.HasSetting(systemmenu.home) | Skin.HasSetting(systemmenu.exit)]">ActivateWindow(settings)</onclick>
						<!--submenu items enabled-->
						<onclick condition="[Skin.HasSetting(systemmenu.info) | Skin.HasSetting(systemmenu.filemanager) | Skin.HasSetting(systemmenu.home) | Skin.HasSetting(systemmenu.exit)]">SetFocus(8888)</onclick>
						<include>home_MenuButton</include>
						<visible></visible>
					</control>
					<!--system settings-->
					<control type="button" id="802">
						<label>$LOCALIZE[5]</label>
						<onclick>ActivateWindow(settings)</onclick>
						<onleft>800</onleft>
						<onback>800</onback>
						<include>home_SubMenuButton</include>
						<visible>[Skin.HasSetting(systemmenu.info) | Skin.HasSetting(systemmenu.filemanager) | Skin.HasSetting(systemmenu.home) | Skin.HasSetting(systemmenu.exit)] + [Control.HasFocus(8888) | Control.HasFocus(142) | Skin.String(HomeSub,$LOCALIZE[13000])]</visible>
					</control>
					<!--system info-->
					<control type="button" id="803">
						<label>$LOCALIZE[130]</label>
						<onclick>ActivateWindow(SystemInfo)</onclick>
						<onleft>800</onleft>
						<onback>800</onback>
						<include>home_SubMenuButton</include>
						<visible>Skin.HasSetting(systemmenu.info) + [Control.HasFocus(8888) | Control.HasFocus(803) | Skin.String(HomeSub,$LOCALIZE[13000])]</visible>
					</control>
					<!--system filemanager-->
					<control type="button" id="804">
						<label>$LOCALIZE[7]</label>
						<onclick>ActivateWindow(Filemanager)</onclick>
						<onleft>800</onleft>
						<onback>800</onback>
						<include>home_SubMenuButton</include>
						<visible>Skin.HasSetting(systemmenu.filemanager) + [Control.HasFocus(8888) | Control.HasFocus(804) | Skin.String(HomeSub,$LOCALIZE[13000])]</visible>
					</control>
					<!--system home menu-->
					<control type="button" id="805">
						<label>$LOCALIZE[31000]</label>
						<onclick>SetFocus(9000)</onclick>
						<onclick>ActivateWindow(61)</onclick>
						<onleft>800</onleft>
						<onback>800</onback>
						<include>home_SubMenuButton</include>
						<visible>Skin.HasSetting(systemmenu.home) + [Control.HasFocus(8888) | Control.HasFocus(805) | Skin.String(HomeSub,$LOCALIZE[13000])]</visible>
					</control>
					<!--system exit-->
					<control type="button" id="806">
						<label>$LOCALIZE[13012]</label>
						<onclick>ActivateWindow(shutdownmenu)</onclick>
						<onleft>800</onleft>
						<onback>800</onback>
						<include>home_SubMenuButton</include>
						<visible>Skin.HasSetting(systemmenu.exit) + [Control.HasFocus(8888) | Control.HasFocus(806) | Skin.String(HomeSub,$LOCALIZE[13000])]</visible>
					</control>

				<!--WEATHER-->
					<control type="button" id="900">
						<label>$LOCALIZE[400]</label>
						<onclick>ActivateWindow(Weather)</onclick>
						<include>home_MenuButton</include>
						<visible>Skin.HasSetting(homemenu.weather)</visible>
					</control>
				<!--DISC-->
					<control type="button" id="901">
						<label>$LOCALIZE[427]</label>
						<label2>›</label2>
						<onclick>SetFocus(9999)</onclick>
						<include>home_MenuButton</include>
						<visible>System.HasMediadvd + !Skin.HasSetting(homemenu.disc.disable)</visible>
					</control>
					<!--disc play-->
					<control type="button" id="902">
						<label>$LOCALIZE[208]</label>
						<onclick>PlayDVD</onclick>
						<onleft>901</onleft>
						<onback>901</onback>
						<include>home_SubMenuButton</include>
						<visible>System.HasMediadvd + [Control.HasFocus(9999) | Control.HasFocus(902) | Skin.String(HomeSub,$LOCALIZE[427])]</visible>
					</control>
					<!--disc eject-->
					<control type="button" id="903">
						<label>$LOCALIZE[13391]</label>
						<onclick>EjectTray()</onclick>
						<onleft>901</onleft>
						<onback>901</onback>
						<include>home_SubMenuButton</include>
						<visible>System.HasMediadvd + [Control.HasFocus(9999) | Control.HasFocus(903) | Skin.String(HomeSub,$LOCALIZE[427])]</visible>
					</control>
				<!--FAVOURITES-->
					<control type="button" id="904">
						<label>$LOCALIZE[1036]</label>
						<onclick>ActivateWindow(Favourites)</onclick>
						<include>home_MenuButton</include>
						<visible>Skin.HasSetting(homemenu.favourites)</visible>
					</control>
				<!--SEARCH-->
					<control type="button" id="905">
						<label>$LOCALIZE[137]</label>
						<onclick condition="Skin.HasSetting(search.addon)">RunAddon(script.globalsearch)</onclick>
						<onclick condition="!Skin.HasSetting(search.addon)">ActivateWindow(64)</onclick>
						<include>home_MenuButton</include>
						<visible>!Skin.HasSetting(homemenu.search.disable)</visible>
					</control>
				<!--NOW PLAYING-->
					<control type="button" id="906">
						<label>$LOCALIZE[31034]</label>
						<onclick condition="Player.HasAudio">ActivateWindow(musicplaylist)</onclick>
						<onclick condition="Player.HasVideo">ActivateWindow(videoplaylist)</onclick>
						<include>home_MenuButton</include>
						<visible>Player.HasMedia + !Skin.HasSetting(homemenu.playing.disable)</visible>
					</control>
				</control>		
			</control>

		<!--now playing-->
			<control type="list" id="9120">
				<include>screen_Dimensions</include>
				<onback>9110</onback>
				<onup>9120</onup>
				<ondown>9120</ondown>
				<pagecontrol>70</pagecontrol>
				<include>shelf_Container</include>
				<visible>Skin.HasSetting(shelf.enabled) + Player.HasMedia + Skin.HasSetting(home.nowplaying)</visible>
				<itemlayout width="screen_Width" height="screen_Height">
					<include>shelf_ContainerCommons</include>
				</itemlayout>
				<focusedlayout width="screen_Width" height="screen_Height">
					<include>shelf_ContainerCommons</include>
					<include>shelf_ContainerCommons-fo</include>
				</focusedlayout>
				<content>
					<item id="1">
						<property name="Title">$INFO[MusicPlayer.Title]</property>
						<property name="Info">$INFO[MusicPlayer.Artist]</property>
						<property name="Description">$INFO[MusicPlayer.Album]</property>
						<thumb background="true">$VAR[player_Fanart]</thumb>
						<onclick>ActivateWindow(visualisation)</onclick>
						<visible>Player.HasAudio</visible>
					</item>
					<item id="2">
						<property name="Title">$VAR[osd_Title]</property>
						<property name="Info">$VAR[osd_Info]</property>
						<property name="Description">$VAR[player_Plot]</property>
						<thumb background="true">$VAR[player_Fanart]</thumb>
						<onclick>ActivateWindow(fullscreenvideo)</onclick>
						<visible>Player.HasVideo</visible>
					</item>
				</content>
			</control>
			<control type="list" id="9130">
				<include>screen_Dimensions</include>
				<onback>9110</onback>
				<onup>9130</onup>
				<ondown>9130</ondown>
				<pagecontrol>70</pagecontrol>
				<include>shelf_Container</include>
				<visible allowhiddenfocus="true">Skin.HasSetting(shelf.enabled) + IntegerGreaterThan(Container(9130).NumItems,0)</visible>
				<itemlayout width="screen_Width" height="screen_Height">
					<include>shelf_ContainerCommons</include>
				</itemlayout>
				<focusedlayout width="screen_Width" height="screen_Height">
					<include>shelf_ContainerCommons</include>
					<include>shelf_ContainerCommons-fo</include>
				</focusedlayout>
				<content target="video">$VAR[shelf_Widget1Source]</content>
			</control>
			<control type="list" id="9140">
				<include>screen_Dimensions</include>
				<onback>9110</onback>
				<onup>9140</onup>
				<ondown>9140</ondown>
				<pagecontrol>71</pagecontrol>
				<preloaditems>2</preloaditems>
				<include>shelf_Container</include>
				<visible allowhiddenfocus="true">Skin.HasSetting(shelf.enabled) + IntegerGreaterThan(Container(9140).NumItems,0)</visible>
				<itemlayout width="screen_Width" height="screen_Height">
					<include>shelf_ContainerCommons</include>
				</itemlayout>
				<focusedlayout width="screen_Width" height="screen_Height">
					<include>shelf_ContainerCommons</include>
					<include>shelf_ContainerCommons-fo</include>
				</focusedlayout>
				<content target="video">$VAR[shelf_Widget2Source]</content>
			</control>
			<control type="list" id="9150">
				<include>screen_Dimensions</include>
				<onback>9110</onback>
				<onup>9150</onup>
				<ondown>9150</ondown>
				<pagecontrol>71</pagecontrol>
				<preloaditems>2</preloaditems>
				<include>shelf_Container</include>
				<visible allowhiddenfocus="true">Skin.HasSetting(shelf.enabled) + IntegerGreaterThan(Container(9150).NumItems,0)</visible>
				<itemlayout width="screen_Width" height="screen_Height">
					<include>shelf_ContainerCommons</include>
				</itemlayout>
				<focusedlayout width="screen_Width" height="screen_Height">
					<include>shelf_ContainerCommons</include>
					<include>shelf_ContainerCommons-fo</include>
				</focusedlayout>
				<content target="video">$VAR[shelf_Widget3Source]</content>
			</control>
		</control>
	<!--pagecontrol-->
		<control type="group">
			<visible>Skin.HasSetting(shelf.enabled)</visible>
			<control type="scrollbar" id="70">
				<left>1272</left>
				<height>screen_Height</height>
				<onleft>50</onleft>
				<texturesliderbar border="0">views/pagecontrol/grip-fo.png</texturesliderbar>
				<visible>Control.HasFocus(9130)</visible>
			</control>
			<control type="scrollbar" id="71">
				<left>1272</left>
				<height>screen_Height</height>
				<onleft>50</onleft>
				<texturesliderbar border="0">views/pagecontrol/grip-fo.png</texturesliderbar>
				<visible>Control.HasFocus(9140)</visible>
			</control>
		</control>
	<!--overlays-->
		<control type="group">
			<visible>[Control.HasFocus(9120) | Control.HasFocus(9130) | Control.HasFocus(9140) | Control.HasFocus(9150)] + Skin.HasSetting(shelf.enabled)</visible>
			<include>fadeinout</include>
			<control type="group">
				<left>39</left>
				<top>30</top>
				<control type="label">
					<width>950</width>
					<label>$VAR[shelf_ContainerTitle]</label>
					<font>light_Header</font>
					<textcolor>Color1</textcolor>
				</control>
				<control type="label">
					<top>32</top>
					<width>950</width>
					<label>$VAR[shelf_ContainerNumItems]</label>
					<font>regular_Small-U</font>
					<textcolor>Color3</textcolor>
				</control>
			</control>
		</control>
	</include>
</includes>