﻿<?xml version="1.0" encoding="UTF-8"?>
<window>
	<defaultcontrol always="true">50</defaultcontrol>
	<allowoverlay>no</allowoverlay>
	<onunload>ClearProperty(MenuOpen)</onunload>
	<controls>

	<!--trigger button-->
		<control type="button" id="50">
			<label>SHOULD NOT SEE ME</label>
			<onleft>SetFocus(6000)</onleft>
			<visible allowhiddenfocus="true">false</visible>
		</control>

	<!--backgrounds-->
		<include>global_Background</include>

	<!--weather images-->
		<control type="multiimage" id="1">
			<include>screen_Dimensions</include>
			<aspectratio>scale</aspectratio>
			<imagepath background="true">$INFO[Skin.String(fanart.weather.path)]/$INFO[Current.FanartCode]</imagepath>
			<timeperimage>10000</timeperimage>
			<fadetime>850</fadetime>
			<randomize>true</randomize>
			<loop>yes</loop>
			<include>transition_Content</include>
			<include>toggle_Menu</include>
			<visible>Skin.HasSetting(fanart.weather) + !IsEmpty(Skin.String(fanart.weather.path))</visible>
		</control>

	<!--global includes-->
		<include>global_MenuGuide</include>
		<include>windowTitle_Weather</include>
		<include>global_Itemcount</include>
	
	<!--content-->
		<control type="group">
			<left>55</left>
			<top>330</top>
			<include>toggle_Menu</include>
			<include>transition_Content</include>
			<!--current-->
			<control type="group" id="5000">
				<onleft>6000</onleft>
				<animation type="WindowOpen">
					<effect type="fade" start="0" end="85" time="300"/>
				</animation>
				<control type="image">
					<width>230</width>
					<height>345</height>
					<texture>white.png</texture>
					<colordiffuse>column3</colordiffuse>
				</control>
				<control type="group">
					<left>10</left>
					<top>10</top>
					<control type="label">
						<width>210</width>
						<label>$LOCALIZE[31605]</label>
						<font>semibold-U</font>
						<align>center</align>
						<textcolor>Color1</textcolor>
					</control>
					<control type="label">
						<top>30</top>
						<width>210</width>
						<label>$INFO[Weather.Conditions]</label>
						<font>regular</font>
						<align>center</align>
					</control>
					<control type="image">
						<top>75</top>
						<width>210</width>
						<height>72</height>
						<texture>$INFO[Window.Property(Current.FanartCode),weather/,.png]</texture>
						<aspectratio align="center">keep</aspectratio>
					</control>
					<control type="grouplist">
						<top>160</top>
						<orientation>vertical</orientation>
						<itemgap>0</itemgap>
						<control type="label">
							<label>$LOCALIZE[402]: $INFO[Window(Weather).Property(Current.FeelsLike)]$INFO[System.TemperatureUnits]</label>
							<width>210</width>
							<font>regular</font>
							<align>center</align>
						</control>
						<control type="label">
							<label>$LOCALIZE[405]: $INFO[Window(Weather).Property(Current.DewPoint)]</label>
							<width>210</width>
							<font>regular</font>
							<align>center</align>
						</control>
						<control type="label">
							<label>$LOCALIZE[406]: $INFO[Window(Weather).Property(Current.Humidity)]</label>
							<width>210</width>
							<font>regular</font>
							<align>center</align>
						</control>
						<control type="label">
							<label>$LOCALIZE[403]: $INFO[Window(Weather).Property(Current.UVIndex)]</label>
							<width>210</width>
							<font>regular</font>
							<align>center</align>
						</control>
						<control type="label">
							<label>$LOCALIZE[404]: $INFO[Window(Weather).Property(Current.Wind)]</label>
							<width>210</width>
							<font>regular</font>
							<align>center</align>
							<aligny>top</aligny>
							<wrapmultiline>true</wrapmultiline>
						</control>
					</control>
				</control>
			</control>
			<!--today-->
			<control type="group">
				<left>235</left>
				<animation type="WindowOpen">
					<effect type="fade" start="0" end="85" time="300" delay="100"/>
				</animation>
				<control type="image">
					<width>230</width>
					<height>345</height>
					<texture>white.png</texture>
					<colordiffuse>column3</colordiffuse>
				</control>
				<control type="group">
					<left>10</left>
					<top>10</top>
					<control type="label">
						<width>210</width>
						<label>$INFO[Window.Property(Day0.Title)]</label>
						<font>semibold-U</font>
						<align>center</align>
						<textcolor>Color1</textcolor>
					</control>
					<control type="textbox">
						<top>30</top>
						<width>210</width>
						<height>60</height>
						<label>$INFO[Window.Property(Day0.Outlook)]</label>
						<font>regular</font>
						<align>center</align>
					</control>
					<control type="image">
						<top>115</top>
						<width>210</width>
						<height>128</height>
						<texture>$INFO[Window.Property(Day0.FanartCode),weather/,.png]</texture>
						<aspectratio align="center">keep</aspectratio>
					</control>
					<control type="label">
						<top>260</top>
						<width>210</width>
						<label>$INFO[Window.Property(Day0.HighTemp)]$INFO[System.TemperatureUnits,, / ]$INFO[Window.Property(Day0.LowTemp)]$INFO[System.TemperatureUnits]</label>
						<font>semibold</font>
						<align>center</align>
					</control>
				</control>
			</control>
			<!--day 1-->
			<control type="group">
				<left>470</left>
				<animation type="WindowOpen">
					<effect type="fade" start="0" end="85" time="300" delay="200"/>
				</animation>
				<control type="image">
					<width>230</width>
					<height>345</height>
					<texture>white.png</texture>
					<colordiffuse>column3</colordiffuse>
				</control>
				<control type="group">
					<left>10</left>
					<top>10</top>
					<control type="label">
						<width>210</width>
						<label>$INFO[Window.Property(Day1.Title)]</label>
						<font>semibold-U</font>
						<align>center</align>
						<textcolor>Color1</textcolor>
					</control>
					<control type="textbox">
						<top>30</top>
						<width>210</width>
						<height>60</height>
						<label>$INFO[Window.Property(Day1.Outlook)]</label>
						<font>regular</font>
						<align>center</align>
					</control>
					<control type="image">
						<top>115</top>
						<width>210</width>
						<height>128</height>
						<texture>$INFO[Window.Property(Day1.FanartCode),weather/,.png]</texture>
						<aspectratio align="center">keep</aspectratio>
					</control>
					<control type="label">
						<top>260</top>
						<width>210</width>
						<label>$INFO[Window.Property(Day1.HighTemp)]$INFO[System.TemperatureUnits,, / ]$INFO[Window.Property(Day1.LowTemp)]$INFO[System.TemperatureUnits]</label>
						<font>semibold</font>
						<align>center</align>
					</control>
				</control>
			</control>
			<!--day 2-->
			<control type="group">
				<left>705</left>
				<animation type="WindowOpen">
					<effect type="fade" start="0" end="85" time="300" delay="300"/>
				</animation>
				<control type="image">
					<width>230</width>
					<height>345</height>
					<texture>white.png</texture>
					<colordiffuse>column3</colordiffuse>
				</control>
				<control type="group">
					<left>10</left>
					<top>10</top>
					<control type="label">
						<width>210</width>
						<label>$INFO[Window.Property(Day2.Title)] $INFO[Window.Property(Day2.Day)]</label>
						<font>semibold-U</font>
						<align>center</align>
						<textcolor>Color1</textcolor>
					</control>
					<control type="textbox">
						<top>30</top>
						<width>210</width>
						<height>60</height>
						<label>$INFO[Window.Property(Day2.Outlook)]</label>
						<font>regular</font>
						<align>center</align>
					</control>
					<control type="image">
						<top>115</top>
						<width>210</width>
						<height>128</height>
						<texture>$INFO[Window.Property(Day2.FanartCode),weather/,.png]</texture>
						<aspectratio align="center">keep</aspectratio>
					</control>
					<control type="label">
						<top>260</top>
						<width>210</width>
						<label>$INFO[Window.Property(Day2.HighTemp)]$INFO[System.TemperatureUnits,, / ]$INFO[Window.Property(Day2.LowTemp)]$INFO[System.TemperatureUnits]</label>
						<font>semibold</font>
						<align>center</align>
					</control>
				</control>
			</control>
			<!--day 3-->
			<control type="group">
				<left>940</left>
				<animation type="WindowOpen">
					<effect type="fade" start="0" end="85" time="300" delay="400"/>
				</animation>
				<control type="image">
					<width>230</width>
					<height>345</height>
					<texture>white.png</texture>
					<colordiffuse>column3</colordiffuse>
				</control>
				<control type="group">
					<left>10</left>
					<top>10</top>
					<control type="label">
						<width>210</width>
						<label>$INFO[Window.Property(Day3.Title)]</label>
						<font>semibold-U</font>
						<align>center</align>
						<textcolor>Color1</textcolor>
					</control>
					<control type="textbox">
						<top>30</top>
						<width>210</width>
						<height>60</height>
						<label>$INFO[Window.Property(Day3.Outlook)]</label>
						<font>regular</font>
						<align>center</align>
					</control>
					<control type="image">
						<top>115</top>
						<width>210</width>
						<height>128</height>
						<texture>$INFO[Window.Property(Day3.FanartCode),weather/,.png]</texture>
						<aspectratio align="center">keep</aspectratio>
					</control>
					<control type="label">
						<top>260</top>
						<width>210</width>
						<label>$INFO[Window.Property(Day3.HighTemp)]$INFO[System.TemperatureUnits,, / ]$INFO[Window.Property(Day3.LowTemp)]$INFO[System.TemperatureUnits]</label>
						<font>semibold</font>
						<align>center</align>
					</control>
				</control>
			</control>
		</control>	

	<!--menu-->
	<include>menu_Weather</include>
	</controls>
</window>