﻿<?xml version="1.0" encoding="UTF-8"?>
<window>
	<defaultcontrol always="true">700</defaultcontrol>
	<controls>
		<!--display media info on pvr channel select-->
		<control type="group">
			<include>osd_Video</include>
			<visible>VideoPlayer.Content(LiveTV) + [Player.Seeking | Player.DisplayAfterSeek | Player.Paused]</visible>
		</control>
		<!--player controls-->
		<control type="group">
			<visible>![Window.IsVisible(PVROSDChannels) | Window.IsVisible(PVROSDGuide) | Window.IsVisible(SliderDialog) | Window.IsVisible(OSDVideoSettings) | Window.IsVisible(OSDAudioSettings) | Window.IsVisible(VideoBookmarks)]</visible>
			<control type="group">
				<left>479</left>
				<top>205</top>
				<width>322</width>
				<include>transition_Dialog</include>
				<include>player_Controls-commons</include>
				<control type="grouplist" id="600">
					<top>60</top>
					<width>322</width>
					<height>660</height>
					<onleft>700</onleft>
					<onright>700</onright>
					<onup>700</onup>
					<ondown>700</ondown>
					<onback>Close</onback>
					<itemgap>0</itemgap>
					<!--guide-->
					<control type="button" id="601">
						<width>322</width>
						<label>$LOCALIZE[22020]$INFO[VideoPlayer.ChannelName, - ]</label>
						<onback>Close</onback>
						<onclick>XBMC.ActivateWindow(PVROSDGuide)</onclick>
						<include>dialog_MenuButton</include>
						<visible>VideoPlayer.Content(LiveTV)</visible>
					</control>
					<!--channels-->
					<control type="button" id="602">
						<width>322</width>
						<label>$LOCALIZE[19019]</label>
						<onback>Close</onback>
						<onclick>ActivateWindow(PVROSDChannels)</onclick>
						<include>dialog_MenuButton</include>
						<visible>VideoPlayer.Content(LiveTV)</visible>
					</control>
					<!--teletext-->
					<control type="button" id="603">
						<width>322</width>
						<label>$LOCALIZE[23050]</label>
						<onback>Close</onback>
						<include>dialog_MenuButton</include>
						<onclick>Dialog.Close(VideoOSD,true)</onclick>
						<onclick>XBMC.ActivateWindow(teletext)</onclick>
						<visible>VideoPlayer.Content(LiveTV)</visible>
					</control>
					<!--get subtitles-->
					<control type="button" id="604">
						<width>322</width>
						<label>$LOCALIZE[31320]</label>
						<onback>Close</onback>
						<onclick>Dialog.Close(VideoOSD,true)</onclick>
						<onclick>ActivateWindow(SubtitleSearch)</onclick>
						<include>dialog_MenuButton</include>
					</control>
					<!--next subtitles-->
					<control type="button" id="605">
						<width>322</width>
						<label>$LOCALIZE[31327]</label>
						<onback>Close</onback>
						<onclick>NextSubtitle</onclick>
						<include>dialog_MenuButton</include>
					</control>
					<!--subtitles toggle-->
					<control type="togglebutton" id="606">
						<width>322</width>
						<label>$VAR[player_SubtitleToggle]</label>
						<altlabel>$LOCALIZE[13397]</altlabel>
						<onback>Close</onback>
						<onclick>Dialog.Close(VideoOSD,true)</onclick>
						<onclick>ShowSubtitles</onclick>
						<altclick>Dialog.Close(VideoOSD,true)</altclick>
						<altclick>ShowSubtitles</altclick>
						<include>dialog_MenuButton</include>
						<usealttexture>!VideoPlayer.SubtitlesEnabled</usealttexture>
						<visible>VideoPlayer.HasSubtitles</visible>
					</control>
					<!--subtitle offset-->
					<control type="button" id="607">
						<width>322</width>
						<label>$LOCALIZE[22006]</label>
						<onback>Close</onback>
						<onclick>Dialog.Close(VideoOSD,true)</onclick>
						<onclick>SubtitleDelay</onclick>
						<include>dialog_MenuButton</include>
						<visible>VideoPlayer.HasSubtitles + VideoPlayer.SubtitlesEnabled</visible>
					</control>
					<!--3D toggle-->
					<control type="togglebutton" id="608">
						<width>322</width>
						<label>$LOCALIZE[31324]</label>
						<altlabel>$LOCALIZE[31325]</altlabel>
						<onback>Close</onback>
						<onclick>Dialog.Close(VideoOSD,true)</onclick>
						<onclick>StereoModeToMono</onclick>
						<altclick>StereoModeToMono</altclick>
						<usealttexture>StringCompare(System.StereoscopicMode,7)</usealttexture>
						<include>dialog_MenuButton</include>
						<visible>VideoPlayer.IsStereoscopic</visible>
					</control>
					<!--3D mode-->
					<control type="button" id="609">
						<width>322</width>
						<label>$LOCALIZE[31326]</label>
						<onback>Close</onback>
						<onclick>Dialog.Close(VideoOSD,true)</onclick>
						<onclick>StereoMode</onclick>
						<include>dialog_MenuButton</include>
						<visible>VideoPlayer.IsStereoscopic</visible>
					</control>
					<!--bookmarks-->
					<control type="button" id="610">
						<width>322</width>
						<label>$LOCALIZE[298]</label>
						<onback>Close</onback>
						<include>dialog_MenuButton</include>
						<onclick>Dialog.Close(VideoOSD,true)</onclick>
						<onclick>XBMC.ActivateWindow(125)</onclick>
						<visible>!VideoPlayer.Content(LiveTV)</visible>
					</control>
					<!--dvd menu-->
					<control type="button" id="611">
						<width>322</width>
						<label>$LOCALIZE[33061]</label>
						<onback>Close</onback>
						<onclick>Dialog.Close(VideoOSD,true)</onclick>
						<onclick>PlayerControl(ShowVideoMenu)</onclick>
						<texturenofocus border="3">-</texturenofocus>
						<include>dialog_MenuButton</include>
						<visible>VideoPlayer.HasMenu</visible>
					</control>
					<!--video settings-->
					<control type="button" id="612">
						<width>322</width>
						<label>$LOCALIZE[13395]</label>
						<onback>Close</onback>
						<include>dialog_MenuButton</include>
						<onclick>Dialog.Close(VideoOSD,true)</onclick>
						<onclick>XBMC.ActivateWindow(123)</onclick>
					</control>
					<!--audio settings-->
					<control type="button" id="613">
						<width>322</width>
						<label>$LOCALIZE[13396]</label>
						<onback>Close</onback>
						<include>dialog_MenuButton</include>
						<onclick>Dialog.Close(VideoOSD,true)</onclick>
						<onclick>XBMC.ActivateWindow(124)</onclick>
					</control>
					<control type="image" id="614">
						<width>322</width>
						<height>20</height>
						<texture border="20,0,20,0">dialogs/frame/menu_bottom.png</texture>
					</control>
				</control>
			</control>
		</control>
	</controls>
</window>