﻿<?xml version="1.0" encoding="UTF-8"?>
<window>
	<defaultcontrol always="true">10</defaultcontrol>
	<include>transition_Dialog</include>
	<coordinates>
		<system>1</system>
		<left>353</left>
		<top>90</top>
	</coordinates>
	<controls>
		<control type="group">
			<control type="image">
				<width>600</width>
				<height>540</height>
				<include>dialog_Window</include>
			</control>
			<control type="label">
				<width>592</width>
				<label>$LOCALIZE[19053]</label>
				<include>dialog_Windowtitle</include>
			</control>
			<control type="group">
				<left>4</left>
				<top>60</top>
				<control type="image">
					<width>592</width>
					<include>dialog_Separator</include>
				</control>
				<control type="list" id="100">
					<width>592</width>
					<height>240</height>
					<onleft>-</onleft>
					<onright>-</onright>
					<onup>100</onup>
					<ondown>100</ondown>
					<include>global_ListScroll</include>
					<itemlayout height="40">
						<control type="image">
							<width>592</width>
							<height>40</height>
							<include>dialog_CommonList</include>
						</control>
						<control type="label">
							<width>572</width>
							<height>36</height>
							<label>$INFO[ListItem.Label]</label>
							<include>dialog_CommonListItem</include>
						</control>
						<control type="label">
							<left>572</left>
							<width>572</width>
							<height>36</height>
							<align>right</align>
							<label>$INFO[ListItem.Label2]</label>
							<include>dialog_CommonListItem</include>
						</control>
					</itemlayout>
					<focusedlayout height="40">
						<control type="image">
							<width>592</width>
							<height>40</height>
							<include>dialog_CommonList</include>
						</control>
						<control type="label">
							<width>572</width>
							<height>36</height>
							<label>$INFO[ListItem.Label]</label>
							<include>dialog_CommonListItem</include>
						</control>
						<control type="label">
							<left>572</left>
							<width>572</width>
							<height>36</height>
							<align>right</align>
							<label>$INFO[ListItem.Label2]</label>
							<include>dialog_CommonListItem</include>
						</control>
					</focusedlayout>
					<content>
						<item id="1">
							<label>$LOCALIZE[369]</label>
							<label2>$INFO[ListItem.Title]</label2>
							<onclick>noop</onclick>
						</item>
						<item id="2">
							<label>$LOCALIZE[552]</label>
							<label2>$INFO[ListItem.StartDate]</label2>
							<onclick>noop</onclick>
						</item>
						<item id="3">
							<label>$LOCALIZE[555]</label>
							<label2>$INFO[ListItem.StartTime]$INFO[ListItem.EndTime, - ]</label2>
							<onclick>noop</onclick>
						</item>
						<item id="4">
							<label>$LOCALIZE[19148]</label>
							<label2>$INFO[ListItem.ChannelName]</label2>
							<onclick>noop</onclick>
						</item>
						<item id="5">
							<label>$LOCALIZE[180]</label>
							<label2>$INFO[ListItem.Duration]</label2>
							<onclick>noop</onclick>
						</item>
						<item id="6">
							<label>$LOCALIZE[135]</label>
							<label2>$INFO[ListItem.Genre]</label2>
							<onclick>noop</onclick>
						</item>
					</content>
				</control>
				<!--description-->
				<control type="textbox" id="400">
					<left>15</left>
					<top>247</top>
					<width>560</width>
					<height>135</height>
					<label fallback="416">$INFO[ListItem.Plot]</label>
					<include>dialog_Text</include>
					<include>autoscroll-plot</include>
				</control>
			</control>
		</control>
		<!--ok-->
		<control type="button" id="10">
			<left>240</left>
			<top>470</top>
			<label>$LOCALIZE[186]</label>
			<include>dialog_WindowButton</include>
		</control>
	</controls>
</window>