﻿<?xml version="1.0" encoding="UTF-8"?>
<window>
	<defaultcontrol always="true">9003</defaultcontrol>
	<include>transition_Dialog</include>
	<coordinates>
		<system>1</system>
		<left>190</left>
		<top>68</top>
	</coordinates>
	<controls>
		<control type="group">
			<visible>!Window.IsVisible(FileBrowser)</visible>
			<control type="group">
				<control type="image">
					<width>900</width>
					<height>585</height>
					<include>dialog_Window</include>
				</control>
				<control type="label" id="1">
					<width>892</width>
					<scroll>true</scroll>
					<label>$LOCALIZE[19143]</label>
					<include>dialog_Windowtitle</include>
				</control>
			<!--main-->
				<control type="group" id="9001">
					<left>4</left>
					<top>60</top>
					<control type="image">
						<width>892</width>
						<include>dialog_Separator</include>
					</control>
					<control type="image">
						<top>40</top>
						<width>892</width>
						<include>dialog_SectionSeparator</include>
					</control>
					<control type="image">
						<top>439</top>
						<width>892</width>
						<include>dialog_Separator</include>
					</control>
					<control type="image">
						<left>297</left>
						<top>40</top>
						<height>400</height>
						<include>dialog_Separator-y</include>
					</control>
					<control type="image">
						<left>594</left>
						<top>40</top>
						<height>400</height>
						<include>dialog_Separator-y</include>
					</control>
					<!--available groups-->
					<control type="group">
						<control type="label">
							<width>340</width>
							<label>$LOCALIZE[31400]</label>
							<include>dialog_Header</include>
							<include>dialog_ControlCommons</include>
						</control>
						<control type="list" id="13">
							<top>40</top>
							<width>297</width>
							<height>400</height>
							<onleft>9003</onleft>
							<onright>11</onright>
							<onup>13</onup>
							<ondown>13</ondown>
							<include>global_ListScroll</include>
							<itemlayout height="40">
								<control type="image">
									<width>297</width>
									<height>40</height>
									<include>dialog_CommonList</include>
								</control>
								<control type="label">
									<width>573</width>
									<label>$INFO[ListItem.Label]</label>
									<include>dialog_CommonListItem</include>
								</control>
							</itemlayout>
							<focusedlayout height="40">
								<control type="group">
									<visible>!Control.HasFocus(13)</visible>
									<control type="image">
										<width>297</width>
										<include>dialog_CommonList</include>
									</control>
									<control type="label">
										<width>573</width>
										<label>$INFO[ListItem.Label]</label>
										<textcolor>Selected</textcolor>
										<include>dialog_CommonListItemFocus</include>
									</control>
								</control>
								<control type="group">
									<visible>Control.HasFocus(13)</visible>
									<control type="image">
										<width>297</width>
										<include>dialog_CommonListFocus</include>
										<visible>Control.HasFocus(13)</visible>
									</control>
									<control type="label">
										<width>573</width>
										<label>$INFO[ListItem.Label]</label>
										<include>dialog_CommonListItemFocus</include>
										<visible>Control.HasFocus(13)</visible>
									</control>
								</control>
							</focusedlayout>
						</control>
					</control>
					<!--hidden channels-->
					<control type="group">
						<left>297</left>
						<control type="label">
							<width>300</width>
							<label>$LOCALIZE[31404]</label>
							<include>dialog_Header</include>
							<include>dialog_ControlCommons</include>
						</control>
						<control type="list" id="11">
							<top>40</top>
							<width>297</width>
							<height>399</height>
							<onleft>13</onleft>
							<onright>12</onright>
							<onup>11</onup>
							<ondown>11</ondown>
							<scrolltime tween="Cubic" easing="Out">200</scrolltime>
							<itemlayout height="40">
								<control type="image">
									<width>297</width>
									<height>40</height>
									<include>dialog_CommonList</include>
								</control>
								<control type="label">
									<width>573</width>
									<label>$INFO[ListItem.Label]</label>
									<include>dialog_CommonListItem</include>
								</control>
							</itemlayout>
							<focusedlayout height="40">
								<control type="label">
									<width>573</width>
									<label>$INFO[ListItem.Label]</label>
									<textcolor>Selected</textcolor>
									<include>dialog_CommonListItemFocus</include>
									<visible>!Control.HasFocus(11)</visible>
								</control>
								<control type="group">
									<visible>Control.HasFocus(11)</visible>
									<control type="image">
										<width>297</width>
										<include>dialog_CommonList</include>
									</control>
									<control type="image">
										<width>297</width>
										<height>40</height>
										<include>dialog_CommonListFocus</include>
									</control>
									<control type="label">
										<width>573</width>
										<label>$INFO[ListItem.Label]</label>
										<include>dialog_CommonListItemFocus</include>
									</control>
								</control>
							</focusedlayout>
						</control>
					</control>
					<!--grouped channels-->
					<control type="group">
						<left>594</left>
						<control type="label">
							<width>300</width>
							<label>$INFO[Control.GetLabel(20)]</label>
							<include>dialog_Header</include>
							<include>dialog_ControlCommons</include>
						</control>
						<control type="list" id="12">
							<top>40</top>
							<width>300</width>
							<height>400</height>
							<onleft>11</onleft>
							<onright>9003</onright>
							<onup>12</onup>
							<ondown>12</ondown>
							<scrolltime tween="Cubic" easing="Out">200</scrolltime>
							<itemlayout height="40">
								<control type="image">
									<width>612</width>
									<include>dialog_CommonList</include>
								</control>
								<control type="label">
									<width>573</width>
									<label>[B]$INFO[ListItem.ChannelNumber,,  ][/B]$INFO[ListItem.ChannelName]</label>
									<include>dialog_CommonListItem</include>
								</control>
							</itemlayout>
							<focusedlayout height="40">
								<control type="image">
									<width>612</width>
									<include>dialog_CommonList</include>
								</control>
								<control type="label">
									<width>573</width>
									<label>[B]$INFO[ListItem.ChannelNumber,,  ][/B]$INFO[ListItem.ChannelName]</label>
									<textcolor>Selected</textcolor>
									<include>dialog_CommonListItemFocus</include>
									<visible>!Control.HasFocus(12)</visible>
								</control>
								<control type="group">
									<visible>Control.HasFocus(12)</visible>
									<control type="image">
										<width>613</width>
										<include>dialog_CommonListFocus</include>
									</control>
									<control type="label">
										<width>573</width>
										<label>[B]$INFO[ListItem.ChannelNumber,,  ][/B]$INFO[ListItem.ChannelName]</label>
										<include>dialog_CommonListItemFocus</include>
									</control>
								</control>
							</focusedlayout>
						</control>
					</control>
				</control>
			<!--dialog controls-->
				<control type="grouplist" id="9003">
					<left>111</left>
					<top>520</top>
					<itemgap>10</itemgap>
					<onup>9001</onup>
					<ondown>9001</ondown>
					<orientation>horizontal</orientation>
					<!--add group-->
					<control type="button" id="26">
						<label>$LOCALIZE[31401]</label>
						<onleft>7</onleft>
						<onright>6</onright>
						<onup>9001</onup>
						<ondown>6000</ondown>
						<width>160</width>
						<include>dialog_WindowButton</include>
					</control>
					<!--rename group-->
					<control type="button" id="27">
						<label>$LOCALIZE[31402]</label>
						<onleft>5</onleft>
						<onright>7</onright>
						<onup>9001</onup>
						<ondown>6000</ondown>
						<width>160</width>
						<include>dialog_WindowButton</include>
					</control>
					<!--delete group-->
					<control type="button" id="28">
						<label>$LOCALIZE[31403]</label>
						<onleft>6</onleft>
						<onright>5</onright>
						<onup>9001</onup>
						<ondown>6000</ondown>
						<width>160</width>
						<include>dialog_WindowButton</include>
					</control>
					<!--ok-->
					<control type="button" id="29">
						<label>$LOCALIZE[186]</label>
						<onleft>6</onleft>
						<onright>5</onright>
						<onup>9001</onup>
						<ondown>6000</ondown>
						<width>160</width>
						<include>dialog_WindowButton</include>
					</control>
				</control>
			</control>
		</control>
		<!--groups name label-->
		<control type="label" id="20">
			<visible>false</visible>
		</control>
	</controls>
</window>