<?xml version="1.0" encoding="UTF-8"?>
<includes>
	<include name="menu_Commons">
		<left>-262</left>
		<control type="image" id="1">
			<width>270</width>
			<height>screen_Height</height>
			<texture background="true">white.png</texture>
			<animation effect="fade" end="90" time="0" condition="true">Conditional</animation>
			<colordiffuse>base_2</colordiffuse>
		</control>
		<animation type="Conditional" reversible="true" condition="ControlGroup(6000).HasFocus() | ControlGroup(4000).HasFocus() | Control.HasFocus(7000)">
			<effect type="slide" time="350" start="0" end="262" tween="Quadratic" easing="Out" />
		</animation>
		<include>transition_Content</include>
		<include>transition_Info</include>
		<visible>!Skin.HasSetting(global.kiosk)</visible>
	</include>
	<include name="menu_ContainerCommons">
		<top>41</top>
		<width>270</width>
		<height>670</height>
		<onleft>-</onleft>
		<onright>50</onright>
		<onup>6000</onup>
		<ondown>6000</ondown>
		<onback>50</onback>
		<itemgap>0</itemgap>
		<animation type="Conditional" reversible="true" condition="ControlGroup(4000).HasFocus() | Control.HasFocus(7000)">
			<effect type="fade" time="0" start="100" end="0" tween="Quadratic" easing="Out" />
		</animation>
	</include>
	<include name="menu_SubContainerCommons">
		<top>41</top>
		<onup>4000</onup>
		<ondown>4000</ondown>
		<width>270</width>
		<height>670</height>
		<onleft>6000</onleft>
		<onright>50</onright>
		<onback>6000</onback>
		<itemgap>0</itemgap>
		<visible allowhiddenfocus="true">ControlGroup(4000).HasFocus()</visible>
	</include>
	<include name="menu_Header">
		<height>50</height>
		<font>semibold_Small-U</font>
		<textoffsetx>15</textoffsetx>
		<textoffsety>4</textoffsety> 
		<textcolor>Color3</textcolor>
	</include>
	<include name="menu_Button">
		<width>270</width>
		<height>40</height>
		<font>light_Menu</font>
		<textcolor>Color3</textcolor>
		<focusedcolor>Color1</focusedcolor>
		<textoffsety>3</textoffsety>
		<textoffsetx>15</textoffsetx>
		<texturenofocus>-</texturenofocus>
		<texturefocus colordiffuse="column2">white.png</texturefocus>
		<alttexturefocus colordiffuse="column2">white.png</alttexturefocus>
		<alttexturenofocus>-</alttexturenofocus>
		<onback condition="ControlGroup(6000).HasFocus()">50</onback>
		<onback condition="ControlGroup(4000).HasFocus()">6000</onback>
		<onclick condition="ControlGroup(4000).HasFocus()">back</onclick>
	</include>
	<include name="menu_RadioButton">
		<textureradioonnofocus colordiffuse="Color3">settings/radio/on.png</textureradioonnofocus>
		<textureradiooffnofocus colordiffuse="Color3">settings/radio/off.png</textureradiooffnofocus>
		<textureradioonfocus colordiffuse="Color3">settings/radio/on.png</textureradioonfocus>
		<textureradioofffocus colordiffuse="Color3">settings/radio/off.png</textureradioofffocus>
		<radiowidth>29</radiowidth>
		<radioheight>24</radioheight>
		<disabledcolor>Disabled</disabledcolor>
	</include>

<!--COMMON CONTROLS-->
	<!--
	<include name="menu_QuickNav">
		<control type="label" id="100">
			<height>50</height>
			<label>Shortcuts</label>
			<include>menu_Header</include>
		</control>
		<control type="button" id="101">
			<label>Video</label>
			<include>menu_Button</include>
			<onclick>SetFocus(7000)</onclick>
		</control>
	</include>
	-->
	<include name="menu_ViewMode">
		<control type="label" id="102">
			<height>50</height>
			<label>$LOCALIZE[582]</label>
			<include>menu_Header</include>
		</control>
		<control type="button" id="103">
			<label>$LOCALIZE[31114]$INFO[Container.ViewMode,: ]</label>
			<include>menu_Button</include>
			<onclick>SetFocus(4000)</onclick>
		</control>
	</include>
	<include name="menu_Sorting">
		<control type="label" id="200">
			<height>50</height>
			<label>$LOCALIZE[31140]</label>
			<include>menu_Header</include>
		</control>
		<control type="button" id="201">
			<label>$LOCALIZE[31149]$INFO[Container.SortMethod,: ]</label>
			<onclick>SendClick(3)</onclick>
			<include>menu_Button</include>
		</control>
		<control type="togglebutton" id="202">
			<label>$LOCALIZE[21429]: $LOCALIZE[584]</label>
			<altlabel>$LOCALIZE[21429]: $LOCALIZE[585]</altlabel>
			<include>menu_Button</include>
			<onclick>SendClick(4)</onclick>
			<enable>Control.IsEnabled(4)</enable>
		</control>
	</include>
	<include name="menu_LibraryHeader">
		<control type="label" id="208">
			<label>$LOCALIZE[14022]</label>
			<include>menu_Header</include>
		</control>
	</include>
	<include name="menu_Shares">
		<control type="radiobutton" id="209">
			<label>$LOCALIZE[20336]</label>
			<onclick>XBMC.Mastermode</onclick>
			<selected>System.IsMaster</selected>
			<include>menu_RadioButton</include>
			<include>menu_Button</include>
			<visible>System.HasLocks</visible>
		</control>
	</include>
	<include name="menu_SwitchMode">
		<control type="togglebutton" id="210">
			<label>$LOCALIZE[31150]</label>
			<altlabel>$LOCALIZE[29800]</altlabel>
			<onclick>ReplaceWindow(MusicFiles)</onclick>
			<altclick>ReplaceWindow(MusicLibrary)</altclick>
			<usealttexture>Window.IsVisible(MusicFiles)</usealttexture>
			<include>menu_Button</include>
			<visible>Window.IsActive(MusicLibrary) | Window.IsActive(MusicFiles)</visible>
		</control>
	</include>
	<include name="menu_Watched">
		<control type="radiobutton" id="14">
			<label>$LOCALIZE[20367]</label>
			<include>menu_Button</include>
			<include>menu_RadioButton</include>
			<visible>Control.IsEnabled(14)</visible>
		</control>
	</include>
	<include name="menu_Filter">
		<control type="edit" id="213">
			<label>$LOCALIZE[587]</label>
			<include>menu_Button</include>
			<onclick>SendClick(8)</onclick>
			<visible>Container.CanFilter + !Container.CanFilterAdvanced</visible>
		</control>
		<control type="button" id="214">
			<label>$LOCALIZE[587]</label>
			<onclick>right</onclick>
			<onclick>Filter</onclick>
			<selected>Container.Filtered</selected>
			<include>menu_Button</include>
			<visible>Container.CanFilterAdvanced</visible>
		</control>
	</include>
	<include name="menu_PartyMode">
		<control type="radiobutton" id="215">
			<label>$LOCALIZE[589]</label>
			<onclick condition="Window.IsVisible(MusicLibrary)">PlayerControl(PartyMode(music))</onclick>
			<onclick condition="Container.Content(musicvideos)">PlayerControl(PartyMode(video))</onclick>
			<include>menu_Button</include>
			<include>menu_RadioButton</include>
			<visible>Container.Content(musicvideos) | Window.IsVisible(MusicLibrary)</visible>
		</control>
	</include>
	<include name="menu_Update">
		<control type="togglebutton" id="216">
			<label>$LOCALIZE[653]</label>
			<altlabel>$LOCALIZE[13353]</altlabel>
			<onclick>SetFocus(50)</onclick>
			<onclick condition="Skin.HasSetting(cleanlibrary.enable) + Window.IsActive(videolibrary)">XBMC.CleanLibrary(video)</onclick>
			<onclick condition="Skin.HasSetting(cleanlibrary.enable) + Window.IsActive(musiclibrary)">XBMC.CleanLibrary(music)</onclick>
			<onclick>SendClick(20)</onclick>
			<usealttexture>Library.IsScanningVideo | Library.IsScanningMusic</usealttexture>
			<include>menu_Button</include>
		</control>
	</include>
	<include name="menu_Search">
		<control type="button" id="217">
			<label>$LOCALIZE[137]</label>
			<onclick>SetFocus(300)</onclick>
			<onclick condition="!Skin.HasSetting(search.addon)">SendClick(8)</onclick>
			<onclick condition="Skin.HasSetting(search.addon)">RunAddon(script.globalsearch)</onclick>
			<include>menu_Button</include>
		</control>
	</include>
	<include name="menu_Playing">
		<control type="label" id="218">
			<label>$LOCALIZE[31034]</label>
			<include>menu_Header</include>
			<visible>Skin.HasSetting(menu.nowplaying) + [Player.HasMedia | [Window.IsActive(videolibrary) + !StringCompare(Playlist.Length(video),0)] | [Window.IsActive(musiclibrary) + !StringCompare(Playlist.Length(music),0)] | [Window.IsActive(musicfiles) + !StringCompare(Playlist.Length(music),0)]]</visible>
		</control>
		<control type="button" id="219">
			<label>$VAR[playing_Title]</label>
			<onclick>fullscreen</onclick>
			<include>menu_Button</include>
			<visible>Skin.HasSetting(menu.nowplaying) + Player.HasMedia + ![Window.IsVisible(MusicPlaylist) | Window.IsVisible(VideoPlaylist)]</visible>
		</control>
		<control type="button" id="220">
			<label>$LOCALIZE[13350]</label>
			<onclick>$VAR[playlist_Type]</onclick>
			<include>menu_Button</include>
			<visible>Skin.HasSetting(menu.playlist) + !Player.HasMedia + [Window.IsActive(videolibrary) + !StringCompare(Playlist.Length(video),0)] | [[Window.IsActive(musiclibrary) | Window.IsActive(musicfiles)] + !StringCompare(Playlist.Length(music),0)] + ![Window.IsVisible(MusicPlaylist) | Window.IsVisible(VideoPlaylist)]
			</visible>
		</control>
	</include>

<!--VIDEO MENU-->
	<include name="menu_Video">
		<control type="group">
			<include>menu_Commons</include>
			<control type="grouplist" id="6000">
				<include>menu_ContainerCommons</include>
				<!--<include>menu_QuickNav</include>-->
				<include>menu_ViewMode</include>
			<!--viewtype options-->
				<!--list: poster or fanart-->
				<control type="togglebutton" id="110">
					<label>$LOCALIZE[31120]: $LOCALIZE[31121]</label>
					<altlabel>$LOCALIZE[31120]: $LOCALIZE[31122]</altlabel>
					<onclick>Skin.ToggleSetting(view.list.fanart)</onclick>
					<usealttexture>!Skin.HasSetting(view.list.fanart)</usealttexture>
					<include>menu_Button</include>
					<visible>Control.IsVisible(50) + [Container.Content(movies) | Container.Content(tvshows)] + !SubString(Container.FolderPath,plugin://)</visible>
				</control>
				<!--biglist: poster or fanart-->
				<control type="togglebutton" id="111">
					<label>$LOCALIZE[31120]: $LOCALIZE[31121]</label>
					<altlabel>$LOCALIZE[31120]: $LOCALIZE[31122]</altlabel>
					<onclick>Skin.ToggleSetting(view.biglist.posters)</onclick>
					<usealttexture>Skin.HasSetting(view.biglist.posters)</usealttexture>
					<include>menu_Button</include>
					<visible>Control.IsVisible(51) + !Container.Content(episodes) + !SubString(Container.FolderPath,plugin://)</visible>
				</control>
				<!--slide: poster or fanart-->
				<control type="button" id="112">
					<label>$VAR[view_Layout]</label>
					<onclick condition="Control.IsVisible(521)">Container.SetViewMode(52)</onclick>
					<onclick condition="Control.IsVisible(52)">Container.SetViewMode(521)</onclick>
					<include>menu_Button</include>
					<visible>[Control.IsVisible(52) | Control.IsVisible(521)] + [Container.Content(movies) | Container.Content(tvshows)] + !SubString(Container.FolderPath,plugin://)</visible>
				</control>
				<!--gallery: fullscreen or strip-->
				<control type="button" id="113">
					<label>$VAR[view_Layout]</label>
					<onclick condition="Control.IsVisible(531)">Container.SetViewMode(53)</onclick>
					<onclick condition="Control.IsVisible(53)">Container.SetViewMode(531)</onclick>
					<include>menu_Button</include>
					<visible>[Control.IsVisible(53) | Control.IsVisible(531)] +  [Container.Content(movies) | Container.Content(tvshows)]</visible>
				</control>
				<!--thumbnails: small or large grid-->
				<control type="button" id="114">
					<label>$VAR[view_Layout]</label>
					<onclick condition="Control.IsVisible(571) + [Container.Content(movies) | Container.Content(tvshows) | Container.Content(seasons) | Container.Content(sets)]">Container.SetViewMode(57)</onclick>
					<onclick condition="Control.IsVisible(57) + [Container.Content(movies) | Container.Content(tvshows) | Container.Content(seasons) | Container.Content(sets)]">Container.SetViewMode(571)</onclick>
					<onclick condition="Control.IsVisible(574) + Container.Content(addons)">Container.SetViewMode(572)</onclick>
					<onclick condition="Control.IsVisible(572) + Container.Content(addons)">Container.SetViewMode(574)</onclick>
					<include>menu_Button</include>
					<visible>[Control.IsVisible(57) | Control.IsVisible(571) | Control.IsVisible(572) | Control.IsVisible(574)] + [Container.Content(movies) | Container.Content(tvshows) | Container.Content(seasons) | Container.Content(sets) | Container.Content(addons)]</visible>
				</control>
				<!--banners: small or large grid-->
				<control type="button" id="115">
					<label>$VAR[view_Layout]</label>
					<onclick condition="Control.IsVisible(541)">Container.SetViewMode(54)</onclick>
					<onclick condition="Control.IsVisible(54)">Container.SetViewMode(541)</onclick>
					<include>menu_Button</include>
					<visible>[Control.IsVisible(54) | Control.IsVisible(541)] +  [Container.Content(tvshows) | [Container.Content(movies) + Skin.HasSetting(banner.movies.enable)]]</visible>
				</control>
			<!--options-->
				<include>menu_Sorting</include>
				<include>menu_LibraryHeader</include>
				<include>menu_Shares</include>
				<include>menu_Watched</include>
				<include>menu_Filter</include>
				<include>menu_PartyMode</include>
				<include>menu_Update</include>
				<include>menu_Search</include>
				<include>menu_Playing</include>
			</control>
		<!--viewtypes-->
			<control type="group">	
				<control type="grouplist" id="4000">
					<include>menu_SubContainerCommons</include>
					<control type="label" id="401">
						<label>$LOCALIZE[31100]</label>
						<include>menu_Header</include>
					</control>
					<!--list-->
					<control type="button" id="402">
						<label>$LOCALIZE[535]</label>
						<include>menu_Button</include>
						<onclick>Container.SetViewMode(50)</onclick>
					</control>
					<!--big list-->
					<control type="button" id="403">
						<label>$LOCALIZE[537]</label>
						<include>menu_Button</include>
						<onclick>Container.SetViewMode(51)</onclick>
						<visible>Container.Content(movies) | Container.Content(tvshows) | Container.Content(episodes)</visible>
					</control>
					<!--slide portrait-->
					<control type="button" id="404">
						<label>$LOCALIZE[31112]</label>
						<include>menu_Button</include>
						<onclick>Container.SetViewMode(52)</onclick>
						<visible>[Container.Content(movies) | Container.Content(tvshows) | Container.Content(seasons) | Container.Content(sets)]</visible>
					</control>
					<!--slide landscape-->
					<control type="button" id="405">
						<label>$LOCALIZE[31112]</label>
						<include>menu_Button</include>
						<onclick>Container.SetViewMode(521)</onclick>
						<visible>Container.Content(episodes) | Container.Content(musicvideos) | [Container.Content(files) + Container.HasFiles + !SubString(Container.FolderPath,plugin://plugin)]</visible>
					</control>
					<!--slide square-->
					<control type="button" id="406">
						<label>$LOCALIZE[31112]</label>
						<include>menu_Button</include>
						<onclick>Container.SetViewMode(522)</onclick>
						<visible>Container.Content(addons)</visible>
					</control>
					<!--thumbnails portrait-->
					<control type="button" id="407">
						<label>$LOCALIZE[31113]</label>
						<include>menu_Button</include>
						<onclick>Container.SetViewMode(57)</onclick>
						<visible>Container.Content(movies) | Container.Content(tvshows) | Container.Content(seasons) | Container.Content(sets) | Container.Content(actors) | Container.Content(artists)</visible>
					</control>
					<!--thumbnails landscape-->
					<control type="button" id="408">
						<label>$LOCALIZE[31113]</label>
						<include>menu_Button</include>
						<onclick>Container.SetViewMode(575)</onclick>
						<visible>Container.Content(episodes) | Container.Content(musicvideos) | [[Container.Content(files) + Container.HasFiles] + !SubString(Container.FolderPath,plugin://plugin)]</visible>
					</control>
					<!--thumbnails square-->
					<control type="button" id="409">
						<label>$LOCALIZE[31113]</label>
						<include>menu_Button</include>
						<onclick>Container.SetViewMode(572)</onclick>
						<visible>Container.Content(addons) | [Container.Content(files) + SubString(Container.FolderPath,plugin://plugin)]</visible>
					</control>
					<!--banners-->
					<control type="button" id="410">
						<label>$LOCALIZE[31110]</label>
						<include>menu_Button</include>
						<onclick>Container.SetViewMode(541)</onclick>
						<visible>[Container.Content(tvshows) | [Container.Content(movies) + Skin.HasSetting(banner.movies.enable)]] + !SubString(Container.FolderPath,plugin://plugin)</visible>
					</control>
					<!--gallery-->
					<control type="button" id="411">
						<label>$LOCALIZE[31111]</label>
						<include>menu_Button</include>
						<onclick>Container.SetViewMode(53)</onclick>
						<visible>[Container.Content(tvshows) | Container.Content(movies)] + !SubString(Container.FolderPath,plugin://plugin)</visible>
					</control>
				</control>
			</control>
			<!--
			<control type="group">
				<top>41</top>
				<visible allowhiddenfocus="true">Control.HasFocus(7000)</visible>
				<control type="label" id="401">
					<label>Navigation</label>
					<include>menu_Header</include>
				</control>
				<control type="list" id="7000">
					<top>50</top>
					<onback>6000</onback>
					<onup>7000</onup>
					<ondown>7000</ondown>
					<onleft>6000</onleft>
					<onright>50</onright>
					<width>270</width>
					<height>670</height>
					<onback>6000</onback>
					<itemgap>0</itemgap>
					<itemlayout width="270" height="40">
						<control type="label">
							<width>270</width>
							<height>38</height>
							<font>light_Menu</font>
							<textcolor>Color3</textcolor>
							<focusedcolor>Color1</focusedcolor>
							<textoffsety>3</textoffsety>
							<textoffsetx>15</textoffsetx>
							<info>ListItem.Label</info>
						</control>
					</itemlayout>
					<focusedlayout width="270" height="40">
						<control type="image">
							<width>270</width>
							<height>40</height>
							<aspectratio>stretch</aspectratio>
							<texture colordiffuse="column2">white.png</texture>
						</control>
						<control type="label">
							<width>270</width>
							<height>38</height>
							<font>light_Menu</font>
							<textcolor>Color1</textcolor>
							<focusedcolor>Color1</focusedcolor>
							<textoffsety>3</textoffsety>
							<textoffsetx>15</textoffsetx>
							<info>ListItem.Label</info>
						</control>
					</focusedlayout>
					<content target="video">videodb://</content>
				</control>
			</control>
			-->
		</control>
	</include>

<!--MUSIC MENU-->
	<include name="menu_Music">
		<control type="group">
			<include>menu_Commons</include>
			<control type="grouplist" id="6000">
				<include>menu_ContainerCommons</include>
				<include>menu_ViewMode</include>
			<!--viewtype options-->
				<!--list: artist thumb or fanart-->
				<control type="togglebutton" id="110">
					<label>$LOCALIZE[31120]: $LOCALIZE[31121]</label>
					<altlabel>$LOCALIZE[31120]: $LOCALIZE[31122]</altlabel>
					<onclick>Skin.ToggleSetting(view.list.artistfanart)</onclick>
					<usealttexture>Skin.HasSetting(view.list.artistfanart)</usealttexture>
					<include>menu_Button</include>
					<visible>Control.IsVisible(50) + Container.Content(artists) + !SubString(Container.FolderPath,plugin://)</visible>
				</control>
				<!--slide: landscape or portrait-->
				<control type="button" id="111">
					<label>$VAR[view_Layout]</label>
					<textwidth>250</textwidth>
					<onclick condition="Control.IsVisible(522)">Container.SetViewMode(521)</onclick>
					<onclick condition="Control.IsVisible(521)">Container.SetViewMode(522)</onclick>
					<include>menu_Button</include>
					<visible>[Control.IsVisible(521) | Control.IsVisible(522)] + Container.Content(artists)</visible>
				</control>
			<!--options-->
				<include>menu_Sorting</include>
				<include>menu_LibraryHeader</include>
				<include>menu_SwitchMode</include>
				<include>menu_Shares</include>
				<include>menu_Filter</include>
				<include>menu_PartyMode</include>
				<include>menu_Update</include>
				<include>menu_Search</include>
				<include>menu_Playing</include>
			</control>
		</control>
	<!--viewtypes-->
		<control type="group">	
			<control type="grouplist" id="4000">
				<include>menu_SubContainerCommons</include>
				<control type="label" id="401">
					<label>$LOCALIZE[31100]</label>
					<include>menu_Header</include>
				</control>
				<!--list-->
				<control type="button" id="402">
					<label>$LOCALIZE[535]</label>
					<include>menu_Button</include>
					<onclick>Container.SetViewMode(50)</onclick>
				</control>
				<!--slide-->
				<control type="button" id="403">
					<label>$LOCALIZE[31112]</label>
					<include>menu_Button</include>
					<onclick>Container.SetViewMode(522)</onclick>
					<visible>Container.Content(artists) | Container.Content(albums) | Container.Content(songs) | Container.Content(singles)</visible>
				</control>
				<!--thumbnails-->
				<control type="button" id="404">
					<label>$LOCALIZE[31113]</label>
					<onclick>Container.SetViewMode(572)</onclick>
					<include>menu_Button</include>
					<visible>Container.Content(artists)</visible>
				</control>
				<!--thumbnails square-->
				<control type="button" id="405">
					<label>$LOCALIZE[31113]</label>
					<onclick>Container.SetViewMode(572)</onclick>
					<include>menu_Button</include>
					<visible>Container.Content(albums) | Container.Content(songs) | Container.Content(singles)</visible>
				</control>
			</control>
		</control>
	</include>

<!--FILES MENU-->
	<include name="menu_Files">
		<control type="group">
			<include>menu_Commons</include>
			<control type="grouplist" id="6000">
				<include>menu_ContainerCommons</include>
				<include>menu_ViewMode</include>
			<!--viewtype options-->
				<!--thumbnails: small or large grid (add-ons)-->
				<control type="button" id="110">
					<label>$VAR[view_Layout]</label>
					<onclick condition="Control.IsVisible(574)">Container.SetViewMode(572)</onclick>
					<onclick condition="Control.IsVisible(572)">Container.SetViewMode(574)</onclick>
					<include>menu_Button</include>
					<visible>[Control.IsVisible(572) | Control.IsVisible(574)] + !Window.IsActive(pictures)</visible>
				</control>
			<!--options-->
				<include>menu_Sorting</include>
				<!--slideshow-->
				<control type="label" id="203">
					<label>$LOCALIZE[33063]</label>
					<include>menu_Header</include>
					<visible>Window.IsActive(pictures)</visible>
				</control>
				<control type="button" id="204">
					<label>$LOCALIZE[108]</label>
					<onclick>SendClick(6)</onclick>
					<include>menu_Button</include>
					<visible>Window.IsActive(pictures)</visible>
				</control>
				<!--recursive slideshow-->
				<control type="button" id="205">
					<label>$LOCALIZE[361]</label>
					<onclick>SendClick(7)</onclick>
					<include>menu_Button</include>
					<visible>Window.IsActive(pictures)</visible>
				</control>
				<!--randomize toggle-->
				<control type="radiobutton" id="206">
					<label>$LOCALIZE[13319]</label>
					<onclick>SendClick(9)</onclick>
					<include>menu_Button</include>
					<include>menu_RadioButton</include>
					<visible>Window.IsActive(pictures)</visible>
				</control>
				<include>menu_LibraryHeader</include>
				<include>menu_SwitchMode</include>
				<include>menu_Filter</include>
				<include>menu_Search</include>
				<include>menu_Playing</include>			
			</control>
		</control>
	<!--viewtypes-->
		<control type="group">	
			<control type="grouplist" id="4000">
				<include>menu_SubContainerCommons</include>
				<control type="label" id="401">
					<label>$LOCALIZE[31100]</label>
					<include>menu_Header</include>
				</control>
				<!--list-->
				<control type="button" id="402">
					<label>$LOCALIZE[535]</label>
					<textwidth>250</textwidth>
					<include>menu_Button</include>
					<onclick>Container.SetViewMode(50)</onclick>
				</control>
				<!--slide-->
				<control type="button" id="40">
					<label>$LOCALIZE[31112]</label>
					<textwidth>250</textwidth>
					<include>menu_Button</include>
					<onclick>Container.SetViewMode(522)</onclick>
					<visible>Container.Content(addons)</visible>
				</control>
				<!--thumbnails-->
				<control type="button" id="403">
					<label>$LOCALIZE[31113]</label>
					<textwidth>250</textwidth>
					<include>menu_Button</include>
					<onclick>Container.SetViewMode(572)</onclick>
				</control>
				<!--gallery-->
				<control type="button" id="405">
					<label>$LOCALIZE[31111]</label>
					<textwidth>250</textwidth>
					<include>menu_Button</include>
					<onclick>Container.SetViewMode(53)</onclick>
					<visible>Window.IsActive(Pictures) + Container().HasFiles + !IsEmpty(Container.FolderPath) + !substring(container.folderpath,addons://sources/)</visible>
				</control>
			</control>
		</control>
	</include>

<!--ADD-ONS MENU-->
	<include name="menu_Addons">
		<control type="group">
			<include>menu_Commons</include>
			<control type="grouplist" id="6000">
				<include>menu_ContainerCommons</include>
				<include>menu_ViewMode</include>
			<!--viewtype options-->
				<!--thumbnails: small or large grid (add-ons)-->
				<control type="button" id="110">
					<label>$VAR[view_Layout]</label>
					<onclick condition="Control.IsVisible(574)">Container.SetViewMode(572)</onclick>
					<onclick condition="Control.IsVisible(572)">Container.SetViewMode(574)</onclick>
					<include>menu_Button</include>
					<visible>Control.IsVisible(572) | Control.IsVisible(574)</visible>
				</control>
			<!--options-->
				<include>menu_Sorting</include>
				<!--add-ons header-->
				<control type="label" id="203">
					<label>$LOCALIZE[24001]</label>
					<include>menu_Header</include>
				</control>
				<!--auto-updates-->
				<control type="radiobutton" id="204">
					<label>$LOCALIZE[24063]</label>
					<onclick>SendClick(5)</onclick>
					<include>menu_Button</include>
					<include>menu_RadioButton</include>
				</control>		
				<!--notifications-->
				<control type="radiobutton" id="205">
					<label>$LOCALIZE[25000]</label>
					<onclick>SendClick(6)</onclick>
					<include>menu_Button</include>
					<include>menu_RadioButton</include>
				</control>	
				<!--hide foreign-->
				<control type="radiobutton" id="206">
					<label>$LOCALIZE[25001]</label>
					<onclick>SendClick(7)</onclick>
					<include>menu_Button</include>
					<include>menu_RadioButton</include>
				</control>
				<include>menu_LibraryHeader</include>
				<include>menu_Search</include>
				<include>menu_Playing</include>
			</control>
		<!--viewtypes-->
			<control type="group">	
				<control type="grouplist" id="4000">
					<include>menu_SubContainerCommons</include>
					<control type="label" id="401">
						<label>$LOCALIZE[31100]</label>
						<include>menu_Header</include>
					</control>
					<!--list-->
					<control type="button" id="402">
						<label>$LOCALIZE[535]</label>
						<textwidth>250</textwidth>
						<include>menu_Button</include>
						<onclick>Container.SetViewMode(50)</onclick>
					</control>
					<!--slide-->
					<control type="button" id="403">
						<label>$LOCALIZE[31112]</label>
						<textwidth>250</textwidth>
						<include>menu_Button</include>
						<onclick>Container.SetViewMode(522)</onclick>
						<visible>Container.Content(addons) + !IsEmpty(Container.FolderPath) + ![StringCompare(Container.FolderPath,addons://disabled/) | StringCompare(Container.FolderPath,addons://enabled/) | StringCompare(Container.FolderPath,addons://repos/)]</visible>
					</control>
					<!--thumbnails-->
					<control type="button" id="404">
						<label>$LOCALIZE[31113]</label>
						<textwidth>250</textwidth>
						<include>menu_Button</include>
						<onclick>Container.SetViewMode(572)</onclick>
						<visible>Container.Content(addons) + !IsEmpty(Container.FolderPath) + ![StringCompare(Container.FolderPath,addons://disabled/) | StringCompare(Container.FolderPath,addons://enabled/) | StringCompare(Container.FolderPath,addons://repos/)]</visible>
					</control>
				</control>
			</control>
		</control>
	</include>

<!--PLAYLIST MENU-->
	<include name="menu_Playlist">
		<control type="group">
			<include>menu_Commons</include>
			<control type="grouplist" id="6000">
				<include>menu_ContainerCommons</include>
				<!--playlist header-->
				<control type="label" id="19">
					<label>$LOCALIZE[559]</label>
					<include>menu_Header</include>
				</control>
				<!--shuffle-->
				<control type="radiobutton" id="20">
					<label>$LOCALIZE[191]</label>
					<include>menu_Button</include>
					<include>menu_RadioButton</include>
				</control>
				<!--repeat-->
				<control type="button" id="26">
					<label>$LOCALIZE[486]</label>
					<include>menu_Button</include>
				</control>
				<!--save-->
				<control type="button" id="21">
					<label>$LOCALIZE[190]</label>
					<include>menu_Button</include>
				</control>		
				<!--clear-->
				<control type="button" id="22">
					<label>$LOCALIZE[192]</label>
					<include>menu_Button</include>
					<onclick>back</onclick>
				</control>
				<include>menu_LibraryHeader</include>
				<include>menu_Search</include>
				<include>menu_Playing</include>
			</control>
		</control>
	</include>

<!--TV MENU-->
	<include name="menu_TV">
		<control type="group">
			<include>menu_Commons</include>
			<control type="grouplist" id="6000">
				<include>menu_ContainerCommons</include>
			<!--options-->
				<control type="label" id="203">
					<label>$LOCALIZE[33063]</label>
					<include>menu_Header</include>
				</control>
				<!--tv channels-->
				<control type="button" id="32">
					<onback>PreviousMenu</onback>
					<label>$VAR[pvr_TVChannelGroup]</label>
					<include>menu_Button</include>
				</control>
				<!--radio channels-->
				<control type="button" id="33">
					<onback>PreviousMenu</onback>
					<label>$VAR[pvr_RadioChannelGroup]</label>
					<include>menu_Button</include>
				</control>
				<!--guide-->
				<control type="button" id="31">
					<onback>PreviousMenu</onback>
					<label>$LOCALIZE[19222]: $LOCALIZE[19030]</label>
					<include>menu_Button</include>
				</control>		
				<!--recordings-->
				<control type="button" id="34">
					<onback>PreviousMenu</onback>
					<label>$LOCALIZE[19163]</label>
					<include>menu_Button</include>
				</control>
				<!--timers-->
				<control type="button" id="35">
					<onback>PreviousMenu</onback>
					<label>$LOCALIZE[19040]</label>
					<include>menu_Button</include>
				</control>
				<!--search-->
				<control type="button" id="36">
					<onback>PreviousMenu</onback>
					<label>$LOCALIZE[137]</label>
					<include>menu_Button</include>
				</control>
				<!--now playing-->
				<include>menu_Playing</include>
			</control>
		</control>
	</include>

<!--SETTINGS MENU-->
	<include name="menu_Settings">
		<control type="group">
			<include>menu_Commons</include>
			<control type="grouplist" id="6000">
				<include>menu_ContainerCommons</include>
			<!--Settings level-->
				<control type="label" id="19">
					<label>$LOCALIZE[31205]</label>
					<include>menu_Header</include>
				</control>
				<control type="button" id="20">
					<onback>PreviousMenu</onback>
					<label>$LOCALIZE[10037]</label>
					<onclick>SettingsLevelChange</onclick>
					<include>menu_Button</include>
				</control>
				<!--now playing-->
				<include>menu_Playing</include>
			</control>
		</control>
	</include>

<!--WEATHER-->
	<include name="menu_Weather">
		<control type="group">
			<include>menu_Commons</include>
			<control type="grouplist" id="6000">
				<include>menu_ContainerCommons</include>
				<!--weather functions-->
				<control type="label" id="203">
					<label>$LOCALIZE[8]</label>
					<include>menu_Header</include>
				</control>
				<!--location-->
				<control type="group" id="300">
					<height>46</height>
					<onright>50</onright>
					<control type="spincontrolex" id="3">
						<label>-</label>
						<font>-</font>
						<onup>218</onup>
						<ondown>2</ondown>
						<onright>50</onright>
						<textureup colordiffuse="base_2">settings/spin/up-nf.png</textureup>
						<textureupfocus colordiffuse="Color1">settings/spin/up-fo.png</textureupfocus>
						<texturedown colordiffuse="base_2">settings/spin/down-nf.png</texturedown>
						<texturedownfocus colordiffuse="Color1">settings/spin/down-fo.png</texturedownfocus>
						<include>menu_Button</include>
					</control>
					<control type="label" id="301">
						<label>$LOCALIZE[35500]</label>
						<textwidth>175</textwidth>
						<include>menu_Button</include>
					</control>
				</control>
				<!--refresh-->
				<control type="button" id="2">
					<label>$LOCALIZE[103]</label>
					<onright>50</onright>
					<include>menu_Button</include>
				</control>
				<!--weather settings-->
				<control type="label" id="204">
					<label>$LOCALIZE[33063]</label>
					<include>menu_Header</include>
				</control>
				<!--settings-->
				<control type="button" id="4">
					<label>$LOCALIZE[5]</label>
					<onclick>ActivateWindow(MyWeatherSettings)</onclick>
					<include>menu_Button</include>
				</control>
				<!--fanart-->
				<control type="radiobutton" id="5">
					<label>$LOCALIZE[31231]</label>
					<onclick>Skin.ToggleSetting(fanart.weather)</onclick>
					<selected>Skin.HasSetting(fanart.weather)</selected>
					<include>menu_RadioButton</include>
					<include>menu_Button</include>
				</control>
				<control type="button" id="6">
					<label>$LOCALIZE[31232]</label>
					<onclick>Skin.Reset(fanart.weather.path)</onclick>
					<onclick>Skin.SetPath(fanart.weather.path)</onclick>
					<enable>Skin.HasSetting(fanart.weather)</enable>
					<include>menu_Button</include>
					<visible>Skin.HasSetting(fanart.weather)</visible>
				</control>
				<!--commons-->
				<include>menu_Playing</include>
			</control>
		</control>
	</include>
</includes>