<?xml version="1.0" encoding="UTF-8"?>
<window>
	<defaultcontrol always="true">10</defaultcontrol>
	<allowoverlay>no</allowoverlay>
	<views>10,11,12,13</views>
	<controls>
		
		<!--GLOBAL-->
		<include>global_Background</include>
		<include>global_Clock</include>
		<include>global_MenuGuide</include>
		<include>global_Itemcount</include>
		<include>windowTitle_PVR</include>
		<include>PageControls</include>


		<control type="group" id="50">
			<include>PVRGuideViewTimeline</include>
			<include>PVRGuideViewNow</include>
			<include>PVRGuideViewNext</include>
			<include>PVRGuideViewChannel</include>
		</control>

	</controls>
</window>
