﻿<?xml version="1.0" encoding="UTF-8"?>
<window>
	<onload condition="System.HasAddon(script.artistslideshow) + !Skin.HasSetting(artistslideshow.disable)">RunScript(script.artistslideshow, daemon=True)</onload>
	<allowoverlay>no</allowoverlay>
	<controls>
		<control type="visualisation" id="2">
			<include>screen_Dimensions</include>
			<include>transition_Background</include>
			<visible>!Skin.HasSetting(fanart.visualization) | Skin.HasSetting(fanart.visualization.blend)</visible>
		</control>
		<control type="group">
			<include>transition_Background</include>
			<control type="image">
				<include>screen_Dimensions</include>
				<texture>$VAR[player_Fanart]</texture>
				<aspectratio align="center" aligny="top">scale</aspectratio>
				<animation effect="fade" end="60" time="0" condition="Skin.HasSetting(fanart.visualization.blend)">Conditional</animation>
				<visible>Skin.HasSetting(fanart.visualization) + Skin.HasSetting(artistslideshow.disable)</visible>
			</control>
			<control type="multiimage">
				<include>screen_Dimensions</include>
				<imagepath background="true">$INFO[Window(Visualisation).Property(ArtistSlideshow)]</imagepath>
				<aspectratio>scale</aspectratio>
				<timeperimage>8000</timeperimage>
				<fadetime>fadetime_Slideshow</fadetime>
				<animation effect="fade" end="60" time="250" condition="Skin.HasSetting(fanart.visualization.blend)">Conditional</animation>
				<visible>Skin.HasSetting(fanart.visualization) + !Skin.HasSetting(artistslideshow.disable)</visible>
			</control>
		</control>
		<control type="group">
			<visible>Player.ShowCodec</visible>
			<control type="image">
				<width>Screen_Width</width>
				<height>93</height>
				<texture>white.png</texture>
				<colordiffuse>base_2</colordiffuse>
			</control>
			<control type="group">
				<left>10</left>
				<top>5</top>
				<control type="label" id="10">
					<width>1260</width>
					<label>$INFO[Musicplayer.Codec,Codec: ,]$INFO[Musicplayer.Bitrate, · Bitrate: ,kbps]$INFO[MusicPlayer.Bitspersample, · Bits: ,bit]$INFO[MusicPlayer.SampleRate, · Freq: ,kHz]$INFO[MusicPlayer.Channels, · Channels: ]</label>
					<textcolor>Color1</textcolor>
					<font>regular_Small</font>
				</control>
				<control type="label" id="11">
					<top>26</top>
					<width>1260</width>
					<label>$LOCALIZE[250]: $INFO[Visualisation.Name] [I]($LOCALIZE[20166])[/I] · FPS: $INFO[System.FPS]</label>>
					<font>regular_Small</font>
					<textcolor>Color1</textcolor>
				</control>
				<control type="label" id="12">
					<top>52</top>
					<width>1260</width>
					<label fallback="· (UnAvailable)">$LOCALIZE[13388]: $INFO[Visualisation.Preset]</label>
					<textcolor>Color1</textcolor>
					<font>regular_Small</font>
				</control>
			</control>
		</control>
		<control type="group">
			<include>transition_OSD</include>
			<visible>Player.ShowInfo</visible>
			<include>osd_Music</include>
			<include>osd_Seekbar</include>
		</control>
	</controls>
</window>