﻿<?xml version="1.0" encoding="UTF-8"?>
<window>
	<defaultcontrol always="true">10</defaultcontrol>
	<coordinates>
		<system>1</system>
		<left>290</left>
		<top>104</top>
	</coordinates>
	<include>transition_Dialog</include>
	<controls>
		<control type="image">
			<width>700</width>
			<height>512</height>
			<include>dialog_Window</include>
		</control>
		<control type="label" id="2">
			<width>692</width>
			<include>dialog_Windowtitle</include>
		</control>
		<!--sources-->
		<control type="group">
			<left>4</left>
			<top>55</top>
			<control type="label">
				<width>692</width>
				<label>$LOCALIZE[1021]</label>
				<include>dialog_Header</include>
				<include>dialog_ControlCommons</include>
			</control>
			<control type="image">
				<top>38</top>
				<width>692</width>
				<include>dialog_SectionSeparator</include>
			</control>
			<control type="image">
				<top>80</top>
				<width>692</width>
				<include>dialog_Separator</include>
			</control>
			<control type="image">
				<top>120</top>
				<width>692</width>
				<include>dialog_Separator</include>
			</control>
			<control type="image">
				<top>160</top>
				<width>692</width>
				<include>dialog_Separator</include>
			</control>
			<control type="image">
				<top>200</top>
				<width>692</width>
				<include>dialog_Separator</include>
			</control>
			<control type="image">
				<top>240</top>
				<width>692</width>
				<include>dialog_Separator</include>
			</control>
			<control type="list" id="10">
				<top>40</top>
				<width>572</width>
				<height>200</height>
				<onup>9001</onup>
				<onleft>-</onleft>
				<onright>9000</onright>
				<ondown>12</ondown>
				<include>global_ListScroll</include>
				<itemlayout height="40">
					<control type="label">
						<width>543</width>
						<info>ListItem.Label</info>
						<focusedcolor>Selected</focusedcolor>
						<include>dialog_CommonListItem</include>
					</control>
				</itemlayout>
				<focusedlayout height="40">
					<control type="image">
						<width>572</width>
						<include>dialog_CommonListFocus</include>
						<visible>Control.HasFocus(10)</visible>
					</control>
					<control type="label">
						<width>552</width>
						<info>ListItem.Label</info>
						<textcolor>Color4</textcolor>
						<focusedcolor>Selected</focusedcolor>
						<include>dialog_CommonListItemFocus</include>
						<visible>!Control.HasFocus(10)</visible>
					</control>
					<control type="label">
						<width>552</width>
						<info>ListItem.Label</info>
						<include>dialog_CommonListItemFocus</include>
						<visible>Control.HasFocus(10)</visible>
					</control>
				</focusedlayout>
			</control>
			<!--browse controls-->
			<control type="group" id="9000">
				<left>572</left>
				<top>40</top>
				<animation effect="slide" end="0,40" time="0" condition="Container(10).Row(1)">Conditional</animation>
				<animation effect="slide" end="0,80" time="0" condition="Container(10).Row(2)">Conditional</animation>
				<animation effect="slide" end="0,120" time="0" condition="Container(10).Row(3)">Conditional</animation>
				<animation effect="slide" end="0,160" time="0" condition="Container(10).Row(4)">Conditional</animation>
				<animation effect="slide" end="0,200" time="0" condition="Container(10).Row(5)">Conditional</animation>
				<control type="image">
					<height>40</height>
					<include>dialog_Separator-y</include>
				</control>
				<control type="image">
					<left>40</left>
					<height>40</height>
					<include>dialog_Separator-y</include>
				</control>
				<control type="image">
					<left>80</left>
					<height>40</height>
					<include>dialog_Separator-y</include>
				</control>
				<!--browse-->
				<control type="button" id="11">
					<label>-</label>
					<onup>10</onup>
					<onleft>10</onleft>
					<onright>14</onright>
					<ondown>10</ondown>
					<include>dialog_Inline-edit</include>
				</control>
				<!--remove path-->
				<control type="button" id="14">
					<left>40</left>
					<label>-</label>
					<onup>10</onup>
					<onleft>11</onleft>
					<onright>13</onright>
					<ondown>10</ondown>
					<include>dialog_Inline-remove</include>
				</control>
				<!--add path-->
				<control type="button" id="13">
					<left>80</left>
					<label>-</label>
					<onup>10</onup>
					<onleft>14</onleft>
					<onright>-</onright>
					<ondown>10</ondown>
					<include>dialog_Inline-add</include>
				</control>
			</control>
		</control>
		<!--set source name-->
		<control type="group">
			<left>4</left>
			<top>330</top>
			<control type="image">
				<top>38</top>
				<width>692</width>
				<include>dialog_SectionSeparator</include>
			</control>
			<control type="label">
				<width>692</width>
				<label>$LOCALIZE[1022]</label>
				<include>dialog_Header</include>
				<include>dialog_ControlCommons</include>
			</control>
			<!--set name-->
			<control type="edit" id="12">
				<top>40</top>
				<width>692</width>
				<label>-</label>
				<hinttext>551</hinttext>
				<onleft>-</onleft>
				<onright>-</onright>
				<onup>10</onup>
				<ondown>9001</ondown>
				<include>dialog_ControlCommons</include>
			</control>
		</control>
		<control type="group" id="9001">
			<left>417</left>
			<top>440</top>
			<!--ok-->
			<control type="button" id="18">
				<label>$LOCALIZE[186]</label>
				<onleft>19</onleft>
				<onright>19</onright>
				<onup>12</onup>
				<ondown>10</ondown>
				<include>dialog_WindowButton</include>
			</control>
			<!--cancel-->
			<control type="button" id="19">
				<left>130</left>
				<label>$LOCALIZE[222]</label>
				<onleft>18</onleft>
				<onright>18</onright>
				<onup>12</onup>
				<ondown>10</ondown>
				<include>dialog_WindowButton</include>
			</control>
		</control>
	</controls>
</window>