<?xml version="1.0" encoding="UTF-8"?>
<colors>
<!--main colors-->
	<color name="base_1">ee5a4180</color><!--main background color-->
	<color name="base_2">ff5a4180</color><!--primary overlay / menu color-->
	<color name="base_3">ff0c2c40</color><!--secondary overlay / menu color (home menu)-->
	<color name="accent_1">ff0c2c40</color><!--primary accent color (seekbar)-->
	<color name="accent_2">ff7e61a9</color><!--secondary accent color (home submenu)-->
	
<!--text-->
	<color name="Color1">ffffffff</color><!--main textcolor-->
	<color name="Color2">ffffc40d</color><!--secondary textcolor-->
	<color name="Color3">ffffffff</color><!--tertiary textcolor-->
	<color name="Color4">FF696a6c</color><!--primary dialog textcolor-->
	<color name="Color5">FF000000</color><!--extra dark dialog textcolor-->
	<color name="Color7">FFebebeb</color><!--description / plot textcolor-->

<!--buttons / control states-->
	<color name="Focused">FF111111</color>
	<color name="Disabled">ff9a9a9a</color>
	<color name="Selected">ff27ae60</color>
	<color name="Warning">ffff4e4e</color>

<!--columns / lists-->
	<color name="column1">ffffffff</color><!--main columns text color-->
	<color name="column2">dd0c2134</color><!--primary columns base color-->
	<color name="column3">ff2d5a83</color><!--secondary columns base color-->
</colors>