<?xml version='1.0' encoding='UTF-8'?>
<shortcuts>
	<shortcut>
		<label>133</label>
		<label2>Music</label2>
		<defaultID>133</defaultID>
		<icon>DefaultShortcut.png</icon>
		<thumb>DefaultMusicArtists.png</thumb>
		<action>ActivateWindow(MusicLibrary,Artists,return)</action>
	</shortcut>
	<shortcut>
		<label>132</label>
		<label2>Music</label2>
		<defaultID>132</defaultID>
		<icon>DefaultShortcut.png</icon>
		<thumb>DefaultMusicAlbums.png</thumb>
		<action>ActivateWindow(MusicLibrary,Albums,return)</action>
	</shortcut>
	<shortcut>
		<label>$SKIN[31705|skin.refocus|Recently Added]</label>
		<label2>Music</label2>
		<defaultID>31705</defaultID>
		<icon>DefaultMusicRecentlyAdded.png</icon>
		<thumb />
		<action>ActivateWindow(MusicLibrary,RecentlyAddedAlbums,return)</action>
	</shortcut>
	<shortcut>
		<label>$SKIN[31016|skin.refocus|Recently Played]</label>
		<label2>Music</label2>
		<defaultID>31016</defaultID>
		<icon>DefaultMusicRecentlyPlayed.png</icon>
		<thumb />
		<action>ActivateWindow(MusicLibrary,RecentlyPlayedAlbums,return)</action>
	</shortcut>
	<shortcut>
		<label>136</label>
		<label2>Music</label2>
		<defaultID>136</defaultID>
		<icon>DefaultShortcut.png</icon>
		<thumb>DefaultMusicPlaylists.png</thumb>
		<action>ActivateWindow(MusicLibrary,Playlists,return)</action>
	</shortcut>
	<shortcut>
		<label>20389</label>
		<label2>Music</label2>
		<defaultID>musicvideos</defaultID>
		<icon>DefaultShortcut.png</icon>
		<thumb>DefaultMusicVideos.png</thumb>
		<action>ActivateWindow(MusicLibrary,MusicVideos,return)</action>
	</shortcut>
	<shortcut>
		<label>24001</label>
		<label2>Music</label2>
		<defaultID>24001</defaultID>
		<icon>DefaultAddonMusic.png</icon>
		<thumb />
		<action>ActivateWindow(MusicLibrary,Addons,return)</action>
	</shortcut>
</shortcuts>
