<?xml version='1.0' encoding='UTF-8'?>
<shortcuts>
	<shortcut>
		<label>$SKIN[31013|skin.refocus|Watchlist]</label>
		<label2>TV Shows</label2>
		<defaultID>31013</defaultID>
		<icon>VideoWatchlist.png</icon>
		<thumb />
		<action>ActivateWindow(Videos,plugin://script.watchlist?type=episodes,return)</action>
	</shortcut>
	<shortcut>
		<label>$SKIN[31705|skin.refocus|Recently Added]</label>
		<label2>Videos</label2>
		<defaultID>31705</defaultID>
		<icon>DefaultRecentlyAddedEpisodes.png</icon>
		<thumb />
		<action>ActivateWindow(Videos,RecentlyAddedEpisodes,return)</action>
	</shortcut>
	<shortcut>
		<label>16101</label>
		<label2>TV Shows</label2>
		<defaultID>16101</defaultID>
		<icon>DefaultShortcut.png</icon>
		<thumb />
		<action>ActivateWindow(Videos,/Users/Jeroen/Library/Application Support/XBMC/addons/skin.refocus.dev/playlists/video/episodes-unwatched.xsp,return))</action>
	</shortcut>
	<shortcut>
		<label>$SKIN[31606|skin.refocus|TV Guide]</label>
		<label2>Program</label2>
		<defaultID>31606</defaultID>
		<icon>DefaultShortcut.png</icon>
		<thumb />
		<action>RunAddon(script.tv.show.next.aired)</action>
	</shortcut>
</shortcuts>
