<?xml version="1.0" encoding="UTF-8"?>
	<addon id="skin.refocus" version="1.1.1-RC1" name="reFocus" provider-name="Jeroen">
	<requires>
		<import addon="xbmc.gui" version="5.0.1"/>
		<import addon="script.artistslideshow" version="1.6.3"/>
		<import addon="script.artwork.downloader" version="12.0.23"/>
		<import addon="script.globalsearch" version="2.0.8"/>
		<import addon="script.grab.fanart" version="0.13.0"/>
		<import addon="script.tv.show.next.aired" version="6.0.10"/>
		<import addon="script.watchlist" version="0.0.1"/>
		<import addon="service.library.data.provider" version="0.0.1"/>
	</requires>
	<extension point="xbmc.gui.skin" defaultthemename="Textures.xbt" effectslowdown="1.00" debugging="false">
		<res width="1280" height="720" aspect="16:9" default="true" folder="720p" />
	</extension>
	<extension point="xbmc.addon.metadata">
		<platform>all</platform>
		<summary>reFocus by Jeroen</summary>
		<summary lang="nl">reFocus door Jeroen</summary>
		<summary lang="es">reFocus, hecho por Jeroen</summary>
		<summary lang="pl">reFocus autorstwa Jeroena</summary>
		<summary lang="de">reFocus, von Jeroen</summary>
		<description>reFocus is a graphical interface for XBMC Media Center that understands your media is what truly matters. Elegance, simplicity, refinement and a clean look are keywords for this skin.</description>
		<disclaimer>Mouse and touchscreen use not supported</disclaimer>
		<license>Attribution-NonCommercial-ShareAlike 3.0 Unported</license>
		<forum>http://forum.xbmc.org/forumdisplay.php?fid=72</forum>
		<source>https://github.com/jeroenpardon/skin.refocus/</source>
	</extension>
</addon>